building_name,address,geocoded_lat,geocoded_lng,source,borough_col,borough_name_col,parsed_houseno,parsed_street,borough_code_guess,zola_search,dob_bis_link,google_maps
1 Barrow Street (aka 186-192 West 4th Street),1 Barrow Street (aka 186-192 West 4th Street),206188.88182489795,983622.5126865756,existing_landmarks,MN,,1,Barrow Street (aka 186-192 West 4th Street),,https://zola.planning.nyc.gov/search?search=1%20Barrow%20Street%20%28aka%20186-192%20West%204th%20Street%29,,"https://maps.google.com/?q=206188.88182489795,983622.5126865756"
10 Jay Street (10-18 Jay Street; 21-41 John Street; 17 Pearl Street),10 Jay Street (10-18 Jay Street; 21-41 John Street; 17 Pearl Street),195985.68539463764,987837.636016255,existing_landmarks,BK,,10,Jay Street (10-18 Jay Street; 21-41 John Street; 17 Pearl Street),,https://zola.planning.nyc.gov/search?search=10%20Jay%20Street%20%2810-18%20Jay%20Street%3B%2021-41%20John%20Street%3B%2017%20Pearl%20Street%29,,"https://maps.google.com/?q=195985.68539463764,987837.636016255"
Curtis High School,105 Hamilton Avenue at St. Mark's Place,174416.52675104892,961534.6521522932,existing_landmarks,SI,,105,Hamilton Avenue at St. Mark's Place,,https://zola.planning.nyc.gov/search?search=105%20Hamilton%20Avenue%20at%20St.%20Mark%27s%20Place,,"https://maps.google.com/?q=174416.52675104892,961534.6521522932"
Steinway Hall,109-113 West 57th Street (aka 106-116 West 58th Street),217939.98519703464,990420.2804768294,existing_landmarks,MN,,109-113,West 57th Street (aka 106-116 West 58th Street),,https://zola.planning.nyc.gov/search?search=109-113%20West%2057th%20Street%20%28aka%20106-116%20West%2058th%20Street%29,,"https://maps.google.com/?q=217939.98519703464,990420.2804768294"
Whitehall Ferry Terminal,11 South Street,40.701736,-74.01144,existing_landmarks,MN,,11,South Street,,https://zola.planning.nyc.gov/search?search=11%20South%20Street,,"https://maps.google.com/?q=40.701736,-74.01144"
11- 19 East 4th Street (aka 390-400 Lafayette Street),11- 19 East 4th Street (aka 390-400 Lafayette Street),204580.74188889485,986127.4156779376,existing_landmarks,MN,,,,,https://zola.planning.nyc.gov/search?search=11-%2019%20East%204th%20Street%20%28aka%20390-400%20Lafayette%20Street%29,,"https://maps.google.com/?q=204580.74188889485,986127.4156779376"
Central Methodist Episcopal Church,11-21 Hanson Place (aka 138-154 St. Felix Street),189023.4084888308,990527.9814714396,existing_landmarks,BK,,11-21,Hanson Place (aka 138-154 St. Felix Street),,https://zola.planning.nyc.gov/search?search=11-21%20Hanson%20Place%20%28aka%20138-154%20St.%20Felix%20Street%29,,"https://maps.google.com/?q=189023.4084888308,990527.9814714396"
1124-1125 Fifth Avenue (aka 2 East 94th Street),1124-1125 Fifth Avenue (aka 2 East 94th Street),225692.036198368,996324.1526770352,existing_landmarks,MN,,1124-1125,Fifth Avenue (aka 2 East 94th Street),,https://zola.planning.nyc.gov/search?search=1124-1125%20Fifth%20Avenue%20%28aka%202%20East%2094th%20Street%29,,"https://maps.google.com/?q=225692.036198368,996324.1526770352"
"114-22 178th Street
114-22 178th Street","114-22 178th Street
114-22 178th Street",192248.9950839811,1047402.0628006912,existing_landmarks,QN,,114-22,"178th Street
114-22 178th Street",,https://zola.planning.nyc.gov/search?search=114-22%20178th%20Street%0D%0A114-22%20178th%20Street,,"https://maps.google.com/?q=192248.9950839811,1047402.0628006912"
Richmond County Courthouse,12-24 Richmond Terrace,40.642367,-74.075274,existing_landmarks,SI,,12-24,Richmond Terrace,5.0,https://zola.planning.nyc.gov/search?search=12-24%20Richmond%20Terrace,https://a810-bisweb.nyc.gov/bisweb/PropertyProfileOverviewServlet?boro=5&houseno=12-24&street=Richmond%20Terrace,"https://maps.google.com/?q=40.642367,-74.075274"
Bush Tower,130-132 West 42nd Street and 113-137 West 41st Street,214329.6195880824,988232.2432382344,existing_landmarks,MN,,130-132,West 42nd Street and 113-137 West 41st Street,,https://zola.planning.nyc.gov/search?search=130-132%20West%2042nd%20Street%20and%20113-137%20West%2041st%20Street,,"https://maps.google.com/?q=214329.6195880824,988232.2432382344"
Dorchester,130-133 Riverside Drive (aka 365 West 85th Street),226846.5942069082,989674.3071854818,existing_landmarks,MN,,130-133,Riverside Drive (aka 365 West 85th Street),,https://zola.planning.nyc.gov/search?search=130-133%20Riverside%20Drive%20%28aka%20365%20West%2085th%20Street%29,,"https://maps.google.com/?q=226846.5942069082,989674.3071854818"
Church of Saint Mary-the-Virgin,133-145 West 46th Street and 136-144 West 47th Street,215562.41547102568,988794.1059043856,existing_landmarks,MN,,133-145,West 46th Street and 136-144 West 47th Street,,https://zola.planning.nyc.gov/search?search=133-145%20West%2046th%20Street%20and%20136-144%20West%2047th%20Street,,"https://maps.google.com/?q=215562.41547102568,988794.1059043856"
Abyssinian Baptist Church,136-142 West 138th Street (Odell M. Clark Place),236815.78424192275,1000428.3534154396,existing_landmarks,MN,,136-142,West 138th Street (Odell M. Clark Place),,https://zola.planning.nyc.gov/search?search=136-142%20West%20138th%20Street%20%28Odell%20M.%20Clark%20Place%29,,"https://maps.google.com/?q=236815.78424192275,1000428.3534154396"
140-142 Prince (aka 435 West Broadway),140-142 Prince (aka 435 West Broadway),203596.13060328164,984013.8362657292,existing_landmarks,MN,,140-142,Prince (aka 435 West Broadway),,https://zola.planning.nyc.gov/search?search=140-142%20Prince%20%28aka%20435%20West%20Broadway%29,,"https://maps.google.com/?q=203596.13060328164,984013.8362657292"
Dunbar Apartments,149th Street to 150th Street (between 7th Avenue and 8th Avenue),239729.0436912504,1001579.2542547606,existing_landmarks,MN,,,,,https://zola.planning.nyc.gov/search?search=149th%20Street%20to%20150th%20Street%20%28between%207th%20Avenue%20and%208th%20Avenue%29,,"https://maps.google.com/?q=239729.0436912504,1001579.2542547606"
Harlem River Houses,"151st to 153rd Streets, Macombs Place to Harlem River Drive",240430.37355979093,1001957.271268095,existing_landmarks,MN,,,,,https://zola.planning.nyc.gov/search?search=151st%20to%20153rd%20Streets%2C%20Macombs%20Place%20to%20Harlem%20River%20Drive,,"https://maps.google.com/?q=240430.37355979093,1001957.271268095"
St. Vincent's Hospital,157 West 11th Street (aka 1-5 Seventh Avenue),207611.437484516,984126.7451558936,existing_landmarks,MN,,157,West 11th Street (aka 1-5 Seventh Avenue),,https://zola.planning.nyc.gov/search?search=157%20West%2011th%20Street%20%28aka%201-5%20Seventh%20Avenue%29,,"https://maps.google.com/?q=207611.437484516,984126.7451558936"
St. Vincent's Hospital: Alfred E. Smith Memorial Building,168 West 12th Street (aka 19 Seventh Avenue),207711.3140812683,984218.1539645956,existing_landmarks,MN,,168,West 12th Street (aka 19 Seventh Avenue),,https://zola.planning.nyc.gov/search?search=168%20West%2012th%20Street%20%28aka%2019%20Seventh%20Avenue%29,,"https://maps.google.com/?q=207711.3140812683,984218.1539645956"
Brooklyn Trust Company Building,177-179 Montague Street and 134-138 Pierrepont Street,192336.66329165403,986454.7537739058,existing_landmarks,BK,,177-179,Montague Street and 134-138 Pierrepont Street,,https://zola.planning.nyc.gov/search?search=177-179%20Montague%20Street%20and%20134-138%20Pierrepont%20Street,,"https://maps.google.com/?q=192336.66329165403,986454.7537739058"
St. Vincent's Hospital: John J. Rascob Memorial Building,178 West 12th Street (aka 19 Seventh Avenue),207772.5320369731,984130.7311295142,existing_landmarks,MN,,178,West 12th Street (aka 19 Seventh Avenue),,https://zola.planning.nyc.gov/search?search=178%20West%2012th%20Street%20%28aka%2019%20Seventh%20Avenue%29,,"https://maps.google.com/?q=207772.5320369731,984130.7311295142"
Graham Court Apartments,"1923-1937 Adam Clayton Powell, Jr. Boulevard (Seventh Avenue)",231970.17584063284,997605.374015716,existing_landmarks,MN,,1923-1937,Adam Clayton Powell,,https://zola.planning.nyc.gov/search?search=1923-1937%20Adam%20Clayton%20Powell%2C%20Jr.%20Boulevard%20%28Seventh%20Avenue%29,,"https://maps.google.com/?q=231970.17584063284,997605.374015716"
195 Plymouth Street (193-197 Plymouth Street),195 Plymouth Street (193-197 Plymouth Street),195724.9155953763,988288.9678131662,existing_landmarks,BK,,195,Plymouth Street (193-197 Plymouth Street),,https://zola.planning.nyc.gov/search?search=195%20Plymouth%20Street%20%28193-197%20Plymouth%20Street%29,,"https://maps.google.com/?q=195724.9155953763,988288.9678131662"
Court Square Building,2 Layette Street (aka 4-12 Reade Street; 42-50 Duane Street),199413.8322804088,983172.55821868,existing_landmarks,MN,,2,Layette Street (aka 4-12 Reade Street; 42-50 Duane Street),,https://zola.planning.nyc.gov/search?search=2%20Layette%20Street%20%28aka%204-12%20Reade%20Street%3B%2042-50%20Duane%20Street%29,,"https://maps.google.com/?q=199413.8322804088,983172.55821868"
"20 Jay (aka 20-40 Jay Street, 145-165 Plymouth Street; 19-37 Pearl Street; 22-44 John Street)","20 Jay (aka 20-40 Jay Street, 145-165 Plymouth Street; 19-37 Pearl Street; 22-44 John Street)",195799.77621229185,987835.7091722745,existing_landmarks,BK,,20,Jay (aka 20-40 Jay Street,,https://zola.planning.nyc.gov/search?search=20%20Jay%20%28aka%2020-40%20Jay%20Street%2C%20145-165%20Plymouth%20Street%3B%2019-37%20Pearl%20Street%3B%2022-44%20John%20Street%29,,"https://maps.google.com/?q=195799.77621229185,987835.7091722745"
Brooklyn Institute of Arts and Sciences,200 Eastern Parkway at Washington Avenue,183705.7369587108,994378.5924971316,existing_landmarks,BK,,200,Eastern Parkway at Washington Avenue,,https://zola.planning.nyc.gov/search?search=200%20Eastern%20Parkway%20at%20Washington%20Avenue,,"https://maps.google.com/?q=183705.7369587108,994378.5924971316"
200 Fifth Avenue at West 23rd Street,200 Fifth Avenue at West 23rd Street,209593.79214817827,987194.3267765734,existing_landmarks,MN,,200,Fifth Avenue at West 23rd Street,,https://zola.planning.nyc.gov/search?search=200%20Fifth%20Avenue%20at%20West%2023rd%20Street,,"https://maps.google.com/?q=209593.79214817827,987194.3267765734"
Washington Apartments,"2034-2040 Adam Clayton Powell, Jr. Boulevard",233296.78922578497,998022.663221214,existing_landmarks,MN,,2034-2040,Adam Clayton Powell,,https://zola.planning.nyc.gov/search?search=2034-2040%20Adam%20Clayton%20Powell%2C%20Jr.%20Boulevard,,"https://maps.google.com/?q=233296.78922578497,998022.663221214"
"208-210 Spring Street 
210 Spring Street (aka 208-210 Spring Street, 160 Avenue of the Americas)","208-210 Spring Street 
210 Spring Street (aka 208-210 Spring Street, 160 Avenue of the Americas)",203502.81457788343,983174.7748365626,existing_landmarks,MN,,208-210,"Spring Street 
210 Spring Street (aka 208-210 Spring Street",,https://zola.planning.nyc.gov/search?search=208-210%20Spring%20Street%20%0D%0A210%20Spring%20Street%20%28aka%20208-210%20Spring%20Street%2C%20160%20Avenue%20of%20the%20Americas%29,,"https://maps.google.com/?q=203502.81457788343,983174.7748365626"
Theresa Towers,"2082-2096 Adam Clayton Powell, Jr. Boulevard",233931.7879801391,998388.1191892364,existing_landmarks,MN,,2082-2096,Adam Clayton Powell,,https://zola.planning.nyc.gov/search?search=2082-2096%20Adam%20Clayton%20Powell%2C%20Jr.%20Boulevard,,"https://maps.google.com/?q=233931.7879801391,998388.1191892364"
The Zinn Building,210 Eleventh Avenue (210-218 Eleventh Avenue; 564-568 West 25th Street),212468.93270327852,982615.6003781048,existing_landmarks,MN,,210,Eleventh Avenue (210-218 Eleventh Avenue; 564-568 West 25th Street),,https://zola.planning.nyc.gov/search?search=210%20Eleventh%20Avenue%20%28210-218%20Eleventh%20Avenue%3B%20564-568%20West%2025th%20Street%29,,"https://maps.google.com/?q=212468.93270327852,982615.6003781048"
Belleclaire Hotel,2171-2179 Broadway (southwest corner of 77th Street),224342.44144101,989417.0020134728,existing_landmarks,MN,,2171-2179,Broadway (southwest corner of 77th Street),,https://zola.planning.nyc.gov/search?search=2171-2179%20Broadway%20%28southwest%20corner%20of%2077th%20Street%29,,"https://maps.google.com/?q=224342.44144101,989417.0020134728"
2304 Adam Clayton Powell Jr. Boulevard,2304 Adam Clayton Powell Jr. Boulevard,236473.0234552565,999788.9760283276,existing_landmarks,MN,,2304,Adam Clayton Powell Jr. Boulevard,,https://zola.planning.nyc.gov/search?search=2304%20Adam%20Clayton%20Powell%20Jr.%20Boulevard,,"https://maps.google.com/?q=236473.0234552565,999788.9760283276"
Rangely Apartments,2340-2344 Adam Clayton Powell Jr. Boulevard (aka 201 West 137th Street),236915.85445913483,1000022.2729219348,existing_landmarks,MN,,2340-2344,Adam Clayton Powell Jr. Boulevard (aka 201 West 137th Street),,https://zola.planning.nyc.gov/search?search=2340-2344%20Adam%20Clayton%20Powell%20Jr.%20Boulevard%20%28aka%20201%20West%20137th%20Street%29,,"https://maps.google.com/?q=236915.85445913483,1000022.2729219348"
2348 Adam Clayton Powell Jr. Boulevard,2348 Adam Clayton Powell Jr. Boulevard,236981.05063854496,1000071.806000245,existing_landmarks,MN,,2348,Adam Clayton Powell Jr. Boulevard,,https://zola.planning.nyc.gov/search?search=2348%20Adam%20Clayton%20Powell%20Jr.%20Boulevard,,"https://maps.google.com/?q=236981.05063854496,1000071.806000245"
Little Theater (now Helen Hayes Theater),238 West 44th Street (238-244 West 44th Street),215382.6043801396,987618.3499933728,existing_landmarks,MN,,238,West 44th Street (238-244 West 44th Street),,https://zola.planning.nyc.gov/search?search=238%20West%2044th%20Street%20%28238-244%20West%2044th%20Street%29,,"https://maps.google.com/?q=215382.6043801396,987618.3499933728"
239 Eleventh Avenue (239-243 Eleventh Avenue; 600-626 West 26th Street),239 Eleventh Avenue (239-243 Eleventh Avenue; 600-626 West 26th Street),212863.4702015281,982461.7938362276,existing_landmarks,MN,,239,Eleventh Avenue (239-243 Eleventh Avenue; 600-626 West 26th Street),,https://zola.planning.nyc.gov/search?search=239%20Eleventh%20Avenue%20%28239-243%20Eleventh%20Avenue%3B%20600-626%20West%2026th%20Street%29,,"https://maps.google.com/?q=212863.4702015281,982461.7938362276"
244 West 72nd Street (244-248 West 72nd Street),244 West 72nd Street (244-248 West 72nd Street),223155.25200182453,988778.8582216596,existing_landmarks,MN,,244,West 72nd Street (244-248 West 72nd Street),,https://zola.planning.nyc.gov/search?search=244%20West%2072nd%20Street%20%28244-248%20West%2072nd%20Street%29,,"https://maps.google.com/?q=223155.25200182453,988778.8582216596"
Postal Telegraph Building,256-257 and 253 Broadway,199191.71522213137,982175.1064681602,existing_landmarks,MN,,256-257,and 253 Broadway,,https://zola.planning.nyc.gov/search?search=256-257%20and%20253%20Broadway,,"https://maps.google.com/?q=199191.71522213137,982175.1064681602"
258 Mercer Street (aka 14 West 4th Street),258 Mercer Street (aka 14 West 4th Street),204716.1115943209,985614.0841753224,existing_landmarks,MN,,258,Mercer Street (aka 14 West 4th Street),,https://zola.planning.nyc.gov/search?search=258%20Mercer%20Street%20%28aka%2014%20West%204th%20Street%29,,"https://maps.google.com/?q=204716.1115943209,985614.0841753224"
R.C. Williams Building,259 Tenth Avenue (259-273 Tenth Avenue; 501-505 West 25th Street; 500-502 West 26th Street),212309.42483833572,983329.853080617,existing_landmarks,MN,,259,Tenth Avenue (259-273 Tenth Avenue; 501-505 West 25th Street; 500-502 West 26th Street),,https://zola.planning.nyc.gov/search?search=259%20Tenth%20Avenue%20%28259-273%20Tenth%20Avenue%3B%20501-505%20West%2025th%20Street%3B%20500-502%20West%2026th%20Street%29,,"https://maps.google.com/?q=212309.42483833572,983329.853080617"
260 Eleventh Avenue (244-260 Eleventh Avenue; 557-559 West 26th Street; 558 West 27th Street),260 Eleventh Avenue (244-260 Eleventh Avenue; 557-559 West 26th Street; 558 West 27th Street),212863.79610269383,982844.7202801416,existing_landmarks,MN,,260,Eleventh Avenue (244-260 Eleventh Avenue; 557-559 West 26th Street; 558 West 27th Street),,https://zola.planning.nyc.gov/search?search=260%20Eleventh%20Avenue%20%28244-260%20Eleventh%20Avenue%3B%20557-559%20West%2026th%20Street%3B%20558%20West%2027th%20Street%29,,"https://maps.google.com/?q=212863.79610269383,982844.7202801416"
261 Eleventh Avenue (261-279 11th Ave; 220-238 12 Ave; 601-651 W 27th St.; 600-654 W. 28th St.),261 Eleventh Avenue (261-279 11th Ave; 220-238 12 Ave; 601-651 W 27th St.; 600-654 W. 28th St.),213339.31617895287,982533.0328600968,existing_landmarks,MN,,261,Eleventh Avenue (261-279 11th Ave; 220-238 12 Ave; 601-651 W 27th St.; 600-654 W. 28th St.),,https://zola.planning.nyc.gov/search?search=261%20Eleventh%20Avenue%20%28261-279%2011th%20Ave%3B%20220-238%2012%20Ave%3B%20601-651%20W%2027th%20St.%3B%20600-654%20W.%2028th%20St.%29,,"https://maps.google.com/?q=213339.31617895287,982533.0328600968"
Beverly,265 West 81st Street (263-265 West 81st Street),225483.39342785688,989945.0027958318,existing_landmarks,MN,,265,West 81st Street (263-265 West 81st Street),,https://zola.planning.nyc.gov/search?search=265%20West%2081st%20Street%20%28263-265%20West%2081st%20Street%29,,"https://maps.google.com/?q=225483.39342785688,989945.0027958318"
270 Eleventh Avenue (264-280 Eleventh Avenue; 556-560 West 28th Street),270 Eleventh Avenue (264-280 Eleventh Avenue; 556-560 West 28th Street),213145.09919309395,982988.8109795048,existing_landmarks,MN,,270,Eleventh Avenue (264-280 Eleventh Avenue; 556-560 West 28th Street),,https://zola.planning.nyc.gov/search?search=270%20Eleventh%20Avenue%20%28264-280%20Eleventh%20Avenue%3B%20556-560%20West%2028th%20Street%29,,"https://maps.google.com/?q=213145.09919309395,982988.8109795048"
Main Brooklyn Post Office,271-301 Cadman Plaza East (Washington Street),192690.94287154864,987158.3939243292,existing_landmarks,BK,,271-301,Cadman Plaza East (Washington Street),,https://zola.planning.nyc.gov/search?search=271-301%20Cadman%20Plaza%20East%20%28Washington%20Street%29,,"https://maps.google.com/?q=192690.94287154864,987158.3939243292"
The Grange,287 Convent Avenue (now 414 West 141st Street),238525.945768316,998836.5473135998,existing_landmarks,MN,,287,Convent Avenue (now 414 West 141st Street),,https://zola.planning.nyc.gov/search?search=287%20Convent%20Avenue%20%28now%20414%20West%20141st%20Street%29,,"https://maps.google.com/?q=238525.945768316,998836.5473135998"
Tompkins Square Lodging House,296 East 8th Street (aka 127-129 Avenue B),203673.76327697712,989667.7072425355,existing_landmarks,MN,,296,East 8th Street (aka 127-129 Avenue B),,https://zola.planning.nyc.gov/search?search=296%20East%208th%20Street%20%28aka%20127-129%20Avenue%20B%29,,"https://maps.google.com/?q=203673.76327697712,989667.7072425355"
299-301Church Street (aka 31-33 Walker Street),299-301Church Street (aka 31-33 Walker Street),201321.17752498627,983074.7314698852,existing_landmarks,MN,,,,,https://zola.planning.nyc.gov/search?search=299-301Church%20Street%20%28aka%2031-33%20Walker%20Street%29,,"https://maps.google.com/?q=201321.17752498627,983074.7314698852"
Manhasset Apartments,301 West 108th Street and 300 West 109th Street (aka 2801-2825 Broadway),231939.13264222827,993151.3359275684,existing_landmarks,MN,,301,West 108th Street and 300 West 109th Street (aka 2801-2825 Broadway),,https://zola.planning.nyc.gov/search?search=301%20West%20108th%20Street%20and%20300%20West%20109th%20Street%20%28aka%202801-2825%20Broadway%29,,"https://maps.google.com/?q=231939.13264222827,993151.3359275684"
The Plymouth,305 & 307 Columbus Avenue,223039.10788787567,990522.3396363406,existing_landmarks,MN,,305,& 307 Columbus Avenue,,https://zola.planning.nyc.gov/search?search=305%20%26%20307%20Columbus%20Avenue,,"https://maps.google.com/?q=223039.10788787567,990522.3396363406"
31-33 Bedford Avenue (35-39 Downing Street),31-33 Bedford Avenue (35-39 Downing Street),205008.0071701008,983161.9306211758,existing_landmarks,MN,,31-33,Bedford Avenue (35-39 Downing Street),,https://zola.planning.nyc.gov/search?search=31-33%20Bedford%20Avenue%20%2835-39%20Downing%20Street%29,,"https://maps.google.com/?q=205008.0071701008,983161.9306211758"
Ford Foundation Building,"321 East 42nd Street and 320 East 43rd Street (aka 309 East 42nd Street, 306-326 East 43rd Street)",212467.74507334188,992234.9756057612,existing_landmarks,MN,,321,East 42nd Street and 320 East 43rd Street (aka 309 East 42nd Street,,https://zola.planning.nyc.gov/search?search=321%20East%2042nd%20Street%20and%20320%20East%2043rd%20Street%20%28aka%20309%20East%2042nd%20Street%2C%20306-326%20East%2043rd%20Street%29,,"https://maps.google.com/?q=212467.74507334188,992234.9756057612"
322 West 72nd Street (322-328 West 72nd Street),322 West 72nd Street (322-328 West 72nd Street),223459.07912268807,988223.8636256084,existing_landmarks,MN,,322,West 72nd Street (322-328 West 72nd Street),,https://zola.planning.nyc.gov/search?search=322%20West%2072nd%20Street%20%28322-328%20West%2072nd%20Street%29,,"https://maps.google.com/?q=223459.07912268807,988223.8636256084"
329-331 Canal (aka 2-6 Greene Street),329-331 Canal (aka 2-6 Greene Street),201786.3130491853,983445.9140657388,existing_landmarks,MN,,329-331,Canal (aka 2-6 Greene Street),,https://zola.planning.nyc.gov/search?search=329-331%20Canal%20%28aka%202-6%20Greene%20Street%29,,"https://maps.google.com/?q=201786.3130491853,983445.9140657388"
Penrhyn Court,34-02-34-06 82nd Street,213795.5395987751,1016063.0843093492,existing_landmarks,QN,,,,,https://zola.planning.nyc.gov/search?search=34-02-34-06%2082nd%20Street,,"https://maps.google.com/?q=213795.5395987751,1016063.0843093492"
Carlton House,34-15--34-41 85th Street,213661.0719833945,1016991.4910510144,existing_landmarks,QN,,,,,https://zola.planning.nyc.gov/search?search=34-15--34-41%2085th%20Street,,"https://maps.google.com/?q=213661.0719833945,1016991.4910510144"
Allendale Apartments,34-20—34-24 82nd Street,213610.0295778665,1016072.2446426736,existing_landmarks,QN,,,,,https://zola.planning.nyc.gov/search?search=34-20%E2%80%9434-24%2082nd%20Street,,"https://maps.google.com/?q=213610.0295778665,1016072.2446426736"
Dunolly Gardens,34-40-34-42 79th Street,213316.2067412869,1015326.5795984946,existing_landmarks,QN,,,,,https://zola.planning.nyc.gov/search?search=34-40-34-42%2079th%20Street,,"https://maps.google.com/?q=213316.2067412869,1015326.5795984946"
Elm Court,34-43--34-49 79th Street,213283.07800709893,1015461.1385069976,existing_landmarks,QN,,,,,https://zola.planning.nyc.gov/search?search=34-43--34-49%2079th%20Street,,"https://maps.google.com/?q=213283.07800709893,1015461.1385069976"
The Jacksonian Apartments,35-01-35-05 87th Street (aka 87-02 35th Avenue),213298.2981347411,1017576.7218314576,existing_landmarks,QN,,,,,https://zola.planning.nyc.gov/search?search=35-01-35-05%2087th%20Street%20%28aka%2087-02%2035th%20Avenue%29,,"https://maps.google.com/?q=213298.2981347411,1017576.7218314576"
Roosevelt Terrace,35-20-35-50 85th Street,212797.71537925617,1016975.4782353948,existing_landmarks,QN,,,,,https://zola.planning.nyc.gov/search?search=35-20-35-50%2085th%20Street,,"https://maps.google.com/?q=212797.71537925617,1016975.4782353948"
Maple Court,35-21--35-27 81st Street,212897.98097426537,1016051.8357357855,existing_landmarks,QN,,,,,https://zola.planning.nyc.gov/search?search=35-21--35-27%2081st%20Street,,"https://maps.google.com/?q=212897.98097426537,1016051.8357357855"
The Wakefield Apartments,35-35--35-45 81st Street,212730.6144502063,1016075.0671814034,existing_landmarks,QN,,,,,https://zola.planning.nyc.gov/search?search=35-35--35-45%2081st%20Street,,"https://maps.google.com/?q=212730.6144502063,1016075.0671814034"
Stephen Hall Apartments,35-36--35-42 82nd Street,212735.35650290604,1016191.571264406,existing_landmarks,QN,,,,,https://zola.planning.nyc.gov/search?search=35-36--35-42%2082nd%20Street,,"https://maps.google.com/?q=212735.35650290604,1016191.571264406"
West Gate,35-51-35-55 82nd Street,212652.4437976805,1016347.4731267767,existing_landmarks,QN,,,,,https://zola.planning.nyc.gov/search?search=35-51-35-55%2082nd%20Street,,"https://maps.google.com/?q=212652.4437976805,1016347.4731267767"
East Gate,35-54-35-56 83rd Street,212669.8387948488,1016464.9687608188,existing_landmarks,QN,,,,,https://zola.planning.nyc.gov/search?search=35-54-35-56%2083rd%20Street,,"https://maps.google.com/?q=212669.8387948488,1016464.9687608188"
B. Altman & Co. Department Store Building,355-371 Fifth Avenue and 188-198 Madison Avenue,211923.5633704426,988990.0788694344,existing_landmarks,MN,,355-371,Fifth Avenue and 188-198 Madison Avenue,,https://zola.planning.nyc.gov/search?search=355-371%20Fifth%20Avenue%20and%20188-198%20Madison%20Avenue,,"https://maps.google.com/?q=211923.5633704426,988990.0788694344"
The Eldorado Apartments,37-15-37-21 80th Street,212154.90235251875,1015897.4732800184,existing_landmarks,QN,,,,,https://zola.planning.nyc.gov/search?search=37-15-37-21%2080th%20Street,,"https://maps.google.com/?q=212154.90235251875,1015897.4732800184"
37-16-37-20 83rd Street,37-16-37-20 83rd Street,212235.16942374423,1016521.0139812124,existing_landmarks,QN,,,,,https://zola.planning.nyc.gov/search?search=37-16-37-20%2083rd%20Street,,"https://maps.google.com/?q=212235.16942374423,1016521.0139812124"
Plant Pavilion,401 West 113th Street and 400 West 114th Street (aka 30-34 Morningside Drive),232318.4371008255,995148.0005881476,existing_landmarks,MN,,401,West 113th Street and 400 West 114th Street (aka 30-34 Morningside Drive),,https://zola.planning.nyc.gov/search?search=401%20West%20113th%20Street%20and%20400%20West%20114th%20Street%20%28aka%2030-34%20Morningside%20Drive%29,,"https://maps.google.com/?q=232318.4371008255,995148.0005881476"
42- 48 East 20th Street,42- 48 East 20th Street,208292.49418331787,987459.8160544244,existing_landmarks,MN,,,,,https://zola.planning.nyc.gov/search?search=42-%2048%20East%2020th%20Street,,"https://maps.google.com/?q=208292.49418331787,987459.8160544244"
437-441 Broome (aka 486 Broadway),437-441 Broome (aka 486 Broadway),202155.4823675972,984341.17611197,existing_landmarks,MN,,437-441,Broome (aka 486 Broadway),,https://zola.planning.nyc.gov/search?search=437-441%20Broome%20%28aka%20486%20Broadway%29,,"https://maps.google.com/?q=202155.4823675972,984341.17611197"
443-445 Broadway (through to Mercer Street),443-445 Broadway (through to Mercer Street),201773.5835596168,983819.0973545664,existing_landmarks,MN,,443-445,Broadway (through to Mercer Street),,https://zola.planning.nyc.gov/search?search=443-445%20Broadway%20%28through%20to%20Mercer%20Street%29,,"https://maps.google.com/?q=201773.5835596168,983819.0973545664"
444 12th Street (with additional footage on 13th Street),444 12th Street (with additional footage on 13th Street),181217.1379097233,989275.2085810852,existing_landmarks,BK,,444,12th Street (with additional footage on 13th Street),,https://zola.planning.nyc.gov/search?search=444%2012th%20Street%20%28with%20additional%20footage%20on%2013th%20Street%29,,"https://maps.google.com/?q=181217.1379097233,989275.2085810852"
Henry Villard Houses,451-455 Madison Avenue and 29 1/2 East 50th Street,215405.48366288104,991134.250824264,existing_landmarks,MN,,451-455,Madison Avenue and 29 1/2 East 50th Street,,https://zola.planning.nyc.gov/search?search=451-455%20Madison%20Avenue%20and%2029%201/2%20East%2050th%20Street,,"https://maps.google.com/?q=215405.48366288104,991134.250824264"
452 Broadway (through to Crosby Street),452 Broadway (through to Crosby Street),201680.93433126516,984126.82909772,existing_landmarks,MN,,452,Broadway (through to Crosby Street),,https://zola.planning.nyc.gov/search?search=452%20Broadway%20%28through%20to%20Crosby%20Street%29,,"https://maps.google.com/?q=201680.93433126516,984126.82909772"
454-456 Greenwich Street (aka 22 Desbrosses Street),454-456 Greenwich Street (aka 22 Desbrosses Street),202935.27307882937,981491.3978459914,existing_landmarks,MN,,454-456,Greenwich Street (aka 22 Desbrosses Street),,https://zola.planning.nyc.gov/search?search=454-456%20Greenwich%20Street%20%28aka%2022%20Desbrosses%20Street%29,,"https://maps.google.com/?q=202935.27307882937,981491.3978459914"
Schepp Building,47-53 Hudson (aka 165-169 Duane Street & Staple Street),200680.88539471896,981654.098282248,existing_landmarks,MN,,47-53,Hudson (aka 165-169 Duane Street & Staple Street),,https://zola.planning.nyc.gov/search?search=47-53%20Hudson%20%28aka%20165-169%20Duane%20Street%20%26%20Staple%20Street%29,,"https://maps.google.com/?q=200680.88539471896,981654.098282248"
473 West End Avenue (473-475 West End Avenue; 300-308 West 83rd Street),473 West End Avenue (473-475 West End Avenue; 300-308 West 83rd Street),225964.9221812687,989876.5632042484,existing_landmarks,MN,,473,West End Avenue (473-475 West End Avenue; 300-308 West 83rd Street),,https://zola.planning.nyc.gov/search?search=473%20West%20End%20Avenue%20%28473-475%20West%20End%20Avenue%3B%20300-308%20West%2083rd%20Street%29,,"https://maps.google.com/?q=225964.9221812687,989876.5632042484"
Girls' High School,475 Nostrand Avenue (457-477 Nostrand Avenue; 92-120 Halsey Street; 35-63 Macon Street),187546.09841629444,998280.5084667612,existing_landmarks,BK,,475,Nostrand Avenue (457-477 Nostrand Avenue; 92-120 Halsey Street; 35-63 Macon Street),,https://zola.planning.nyc.gov/search?search=475%20Nostrand%20Avenue%20%28457-477%20Nostrand%20Avenue%3B%2092-120%20Halsey%20Street%3B%2035-63%20Macon%20Street%29,,"https://maps.google.com/?q=187546.09841629444,998280.5084667612"
Riverside Church,490-498 Riverside Drive and 81 Claremont Avenue,235106.8350668993,994485.1021191604,existing_landmarks,MN,,490-498,Riverside Drive and 81 Claremont Avenue,,https://zola.planning.nyc.gov/search?search=490-498%20Riverside%20Drive%20and%2081%20Claremont%20Avenue,,"https://maps.google.com/?q=235106.8350668993,994485.1021191604"
500 Broome Street (West Broadway),500 Broome Street (West Broadway),202836.1474541377,983506.2052250426,existing_landmarks,MN,,500,Broome Street (West Broadway),,https://zola.planning.nyc.gov/search?search=500%20Broome%20Street%20%28West%20Broadway%29,,"https://maps.google.com/?q=202836.1474541377,983506.2052250426"
502-504 Broadway (through to Crosby Street),502-504 Broadway (through to Crosby Street),202376.7188303917,984470.1539997024,existing_landmarks,MN,,502-504,Broadway (through to Crosby Street),,https://zola.planning.nyc.gov/search?search=502-504%20Broadway%20%28through%20to%20Crosby%20Street%29,,"https://maps.google.com/?q=202376.7188303917,984470.1539997024"
Offerman Building,503-513 Fulton Street and 234-248 Duffield Street,190989.01829979333,988480.5124971002,existing_landmarks,BK,,503-513,Fulton Street and 234-248 Duffield Street,,https://zola.planning.nyc.gov/search?search=503-513%20Fulton%20Street%20and%20234-248%20Duffield%20Street,,"https://maps.google.com/?q=190989.01829979333,988480.5124971002"
Christ Church,5030 Riverdale Avenue,40.888534,-73.907771,existing_landmarks,BX,,5030,Riverdale Avenue,,https://zola.planning.nyc.gov/search?search=5030%20Riverdale%20Avenue,,"https://maps.google.com/?q=40.888534,-73.907771"
Pomona,505 & 507 Columbus Avenue,225382.3206796581,991828.1538440798,existing_landmarks,MN,,505,& 507 Columbus Avenue,,https://zola.planning.nyc.gov/search?search=505%20%26%20507%20Columbus%20Avenue,,"https://maps.google.com/?q=225382.3206796581,991828.1538440798"
"505 11th Street
 11th Street","505 11th Street
 11th Street",181770.7944575392,989249.2207905876,existing_landmarks,BK,,505,"11th Street
 11th Street",,https://zola.planning.nyc.gov/search?search=505%2011th%20Street%0D%0A%2011th%20Street,,"https://maps.google.com/?q=181770.7944575392,989249.2207905876"
507-509 Broadway (aka 78-80 Mercer Street),507-509 Broadway (aka 78-80 Mercer Street),202538.8249447573,984315.0769817194,existing_landmarks,MN,,507-509,Broadway (aka 78-80 Mercer Street),,https://zola.planning.nyc.gov/search?search=507-509%20Broadway%20%28aka%2078-80%20Mercer%20Street%29,,"https://maps.google.com/?q=202538.8249447573,984315.0769817194"
51-59 Washington Street (aka 97-119 Front Street),51-59 Washington Street (aka 97-119 Front Street),195292.88325802964,987278.0817342624,existing_landmarks,BK,,51-59,Washington Street (aka 97-119 Front Street),,https://zola.planning.nyc.gov/search?search=51-59%20Washington%20Street%20%28aka%2097-119%20Front%20Street%29,,"https://maps.google.com/?q=195292.88325802964,987278.0817342624"
524- 528 Broadway (aka 80-86 Spring Street; 68-72 Crosby Street),524- 528 Broadway (aka 80-86 Spring Street; 68-72 Crosby Street),202570.75248649964,984674.6940252528,existing_landmarks,MN,,,,,https://zola.planning.nyc.gov/search?search=524-%20528%20Broadway%20%28aka%2080-86%20Spring%20Street%3B%2068-72%20Crosby%20Street%29,,"https://maps.google.com/?q=202570.75248649964,984674.6940252528"
545 Broadway (through to Mercer Street),545 Broadway (through to Mercer Street),202948.25116021,984578.045372912,existing_landmarks,MN,,545,Broadway (through to Mercer Street),,https://zola.planning.nyc.gov/search?search=545%20Broadway%20%28through%20to%20Mercer%20Street%29,,"https://maps.google.com/?q=202948.25116021,984578.045372912"
549 West 26th Street (549-555 West 26th Street),549 West 26th Street (549-555 West 26th Street),212748.9494040684,982963.316168046,existing_landmarks,MN,,549,West 26th Street (549-555 West 26th Street),,https://zola.planning.nyc.gov/search?search=549%20West%2026th%20Street%20%28549-555%20West%2026th%20Street%29,,"https://maps.google.com/?q=212748.9494040684,982963.316168046"
554 Broadway (through to Crosby Street),554 Broadway (through to Crosby Street),202931.3290961401,984827.5476212484,existing_landmarks,MN,,554,Broadway (through to Crosby Street),,https://zola.planning.nyc.gov/search?search=554%20Broadway%20%28through%20to%20Crosby%20Street%29,,"https://maps.google.com/?q=202931.3290961401,984827.5476212484"
"56, 58, 60 Henry Street (aka 80 Cranberry Street)","56, 58, 60 Henry Street (aka 80 Cranberry Street)",194050.56992725463,986344.7225315796,existing_landmarks,BK,,,,,https://zola.planning.nyc.gov/search?search=56%2C%2058%2C%2060%20Henry%20Street%20%28aka%2080%20Cranberry%20Street%29,,"https://maps.google.com/?q=194050.56992725463,986344.7225315796"
Fuller Building,593-599 Madison Avenue (aka 41 East 57th Street),217021.0310027213,992053.9607798608,existing_landmarks,MN,,593-599,Madison Avenue (aka 41 East 57th Street),,https://zola.planning.nyc.gov/search?search=593-599%20Madison%20Avenue%20%28aka%2041%20East%2057th%20Street%29,,"https://maps.google.com/?q=217021.0310027213,992053.9607798608"
"614 West 113th Street
614 West 113th Street","614 West 113th Street
614 West 113th Street",233044.91111893184,993560.057435746,existing_landmarks,MN,,614,"West 113th Street
614 West 113th Street",,https://zola.planning.nyc.gov/search?search=614%20West%20113th%20Street%0D%0A614%20West%20113th%20Street,,"https://maps.google.com/?q=233044.91111893184,993560.057435746"
615½ Hudson Street,615½ Hudson Street,208111.92130756125,982608.7233082856,existing_landmarks,MN,,,,,https://zola.planning.nyc.gov/search?search=615%C2%BD%20Hudson%20Street,,"https://maps.google.com/?q=208111.92130756125,982608.7233082856"
622-624 and 626 Broadway (aka 156-158 Crosby Street),622-624 and 626 Broadway (aka 156-158 Crosby Street),203709.7892729103,985399.5684453276,existing_landmarks,MN,,622-624,and 626 Broadway (aka 156-158 Crosby Street),,https://zola.planning.nyc.gov/search?search=622-624%20and%20626%20Broadway%20%28aka%20156-158%20Crosby%20Street%29,,"https://maps.google.com/?q=203709.7892729103,985399.5684453276"
651-653 Fifth Avenue and 2-4 East 52nd Street,651-653 Fifth Avenue and 2-4 East 52nd Street,215991.7562020312,990891.6874964545,existing_landmarks,MN,,651-653,Fifth Avenue and 2-4 East 52nd Street,,https://zola.planning.nyc.gov/search?search=651-653%20Fifth%20Avenue%20and%202-4%20East%2052nd%20Street,,"https://maps.google.com/?q=215991.7562020312,990891.6874964545"
69-79 Pearl Street (aka 141-151 Front Street),69-79 Pearl Street (aka 141-151 Front Street),195273.58332982232,987758.7656558044,existing_landmarks,BK,,69-79,Pearl Street (aka 141-151 Front Street),,https://zola.planning.nyc.gov/search?search=69-79%20Pearl%20Street%20%28aka%20141-151%20Front%20Street%29,,"https://maps.google.com/?q=195273.58332982232,987758.7656558044"
St. Regis Hotel,699-703 Fifth Avenue and 2 East 55th Street,216631.3096818347,991318.7050010848,existing_landmarks,MN,,699-703,Fifth Avenue and 2 East 55th Street,,https://zola.planning.nyc.gov/search?search=699-703%20Fifth%20Avenue%20and%202%20East%2055th%20Street,,"https://maps.google.com/?q=216631.3096818347,991318.7050010848"
72 to 78 Spring Street (aka 65-73 Crosby Street),72 to 78 Spring Street (aka 65-73 Crosby Street),202464.15963019888,984836.43999734,existing_landmarks,MN,,72,to 78 Spring Street (aka 65-73 Crosby Street),,https://zola.planning.nyc.gov/search?search=72%20to%2078%20Spring%20Street%20%28aka%2065-73%20Crosby%20Street%29,,"https://maps.google.com/?q=202464.15963019888,984836.43999734"
"Interborough Rapid Transit System, 72nd Street Control House",72nd Street and Broadway,222910.65599351012,989252.6017335886,existing_landmarks,MN,,,,,https://zola.planning.nyc.gov/search?search=72nd%20Street%20and%20Broadway,,"https://maps.google.com/?q=222910.65599351012,989252.6017335886"
Plaza Hotel,768 Fifth Avenue and 2 Central Park South,217786.84583534143,991328.258603774,existing_landmarks,MN,,768,Fifth Avenue and 2 Central Park South,,https://zola.planning.nyc.gov/search?search=768%20Fifth%20Avenue%20and%202%20Central%20Park%20South,,"https://maps.google.com/?q=217786.84583534143,991328.258603774"
Berkeley Hall / Berkeley Gardens,77-02-77-12 35th Avenue (aka 35-01 77th Street and 35-02 78th Street),212942.93510538092,1015053.4999849928,existing_landmarks,QN,,,,,https://zola.planning.nyc.gov/search?search=77-02-77-12%2035th%20Avenue%20%28aka%2035-01%2077th%20Street%20and%2035-02%2078th%20Street%29,,"https://maps.google.com/?q=212942.93510538092,1015053.4999849928"
The Jefferson Hall Apartments,78-02-78-12 35th Avenue (aka 35-01 78th Street; 35-02 79th Street),212979.05336768384,1015311.6287700078,existing_landmarks,QN,,,,,https://zola.planning.nyc.gov/search?search=78-02-78-12%2035th%20Avenue%20%28aka%2035-01%2078th%20Street%3B%2035-02%2079th%20Street%29,,"https://maps.google.com/?q=212979.05336768384,1015311.6287700078"
Arlington Hall,79-01--79-09 35th Avenue,213179.75669049888,1015490.0223059924,existing_landmarks,QN,,,,,https://zola.planning.nyc.gov/search?search=79-01--79-09%2035th%20Avenue,,"https://maps.google.com/?q=213179.75669049888,1015490.0223059924"
Verona Court,79-01--79-27 37th Avenue (aka 35-63 79th Street; 35-64 80th Street),212455.79827540467,1015701.7080665946,existing_landmarks,QN,,,,,https://zola.planning.nyc.gov/search?search=79-01--79-27%2037th%20Avenue%20%28aka%2035-63%2079th%20Street%3B%2035-64%2080th%20Street%29,,"https://maps.google.com/?q=212455.79827540467,1015701.7080665946"
Robert Morris Apartments,79-02-79-28 37th Avenue (aka 37-01--37-05 79th Street; 37-02--37-06 80th Street),212265.92517524216,1015620.6554375916,existing_landmarks,QN,,,,,https://zola.planning.nyc.gov/search?search=79-02-79-28%2037th%20Avenue%20%28aka%2037-01--37-05%2079th%20Street%3B%2037-02--37-06%2080th%20Street%29,,"https://maps.google.com/?q=212265.92517524216,1015620.6554375916"
The William Penn Apartments,79-02—79-10 35th Avenue (aka 35-01 79th Street; 35-02 80th Street),213009.66036143425,1015569.7633107916,existing_landmarks,QN,,,,,https://zola.planning.nyc.gov/search?search=79-02%E2%80%9479-10%2035th%20Avenue%20%28aka%2035-01%2079th%20Street%3B%2035-02%2080th%20Street%29,,"https://maps.google.com/?q=213009.66036143425,1015569.7633107916"
Ogden Codman House,7·East 96th Street,226312.01820548548,996738.4023948258,existing_landmarks,MN,,,,,https://zola.planning.nyc.gov/search?search=7%C2%B7East%2096th%20Street,,"https://maps.google.com/?q=226312.01820548548,996738.4023948258"
The General Theological Seminary: Nos. 8 & 9 Chelsea Square,8 & 9 Chelsea Square,210988.78184597136,982842.8464399292,existing_landmarks,MN,,8,& 9 Chelsea Square,,https://zola.planning.nyc.gov/search?search=8%20%26%209%20Chelsea%20Square,,"https://maps.google.com/?q=210988.78184597136,982842.8464399292"
Stratford Hall,80-01--80-19 35th Avenue,213231.7566165252,1015802.2906839504,existing_landmarks,QN,,,,,https://zola.planning.nyc.gov/search?search=80-01--80-19%2035th%20Avenue,,"https://maps.google.com/?q=213231.7566165252,1015802.2906839504"
Ravenna Court,80-01--80-29 37th Avenue (aka 35-63 80th Street; 35-64 81st Street),212492.0415584574,1015958.918916757,existing_landmarks,QN,,,,,https://zola.planning.nyc.gov/search?search=80-01--80-29%2037th%20Avenue%20%28aka%2035-63%2080th%20Street%3B%2035-64%2081st%20Street%29,,"https://maps.google.com/?q=212492.0415584574,1015958.918916757"
Winslow Apartments,80-02--80-08 35th Avenue (aka 35-01 80th Street; 35-02 81st Street),213052.5787841465,1015829.5199261918,existing_landmarks,QN,,,,,https://zola.planning.nyc.gov/search?search=80-02--80-08%2035th%20Avenue%20%28aka%2035-01%2080th%20Street%3B%2035-02%2081st%20Street%29,,"https://maps.google.com/?q=213052.5787841465,1015829.5199261918"
80-02--80-28 37th Avenue (aka 37-01--37-05 80th Street; 37-02 81st Street),80-02--80-28 37th Avenue (aka 37-01--37-05 80th Street; 37-02 81st Street),212324.70403273727,1015983.8646911476,existing_landmarks,QN,,,,,https://zola.planning.nyc.gov/search?search=80-02--80-28%2037th%20Avenue%20%28aka%2037-01--37-05%2080th%20Street%3B%2037-02%2081st%20Street%29,,"https://maps.google.com/?q=212324.70403273727,1015983.8646911476"
St. Mark’s Garden Apartments,805-821 St. Mark’s Avenue (aka 1206-1216 Bergen Street),185276.7267181591,999441.6126612788,existing_landmarks,BK,,805-821,St. Mark’s Avenue (aka 1206-1216 Bergen Street),,https://zola.planning.nyc.gov/search?search=805-821%20St.%20Mark%E2%80%99s%20Avenue%20%28aka%201206-1216%20Bergen%20Street%29,,"https://maps.google.com/?q=185276.7267181591,999441.6126612788"
St. Mark's Episcopal Church,81-01--81-11 34th Avenue (aka 33-53 81st Street; 33-50 82nd Street),213972.02470566268,1015978.3735008488,existing_landmarks,QN,,,,,https://zola.planning.nyc.gov/search?search=81-01--81-11%2034th%20Avenue%20%28aka%2033-53%2081st%20Street%3B%2033-50%2082nd%20Street%29,,"https://maps.google.com/?q=213972.02470566268,1015978.3735008488"
The Woodstock Apartments,81-01--81-15 35th Avenue (aka 34-49 81st Street),213289.1573226552,1016038.2430064952,existing_landmarks,QN,,,,,https://zola.planning.nyc.gov/search?search=81-01--81-15%2035th%20Avenue%20%28aka%2034-49%2081st%20Street%29,,"https://maps.google.com/?q=213289.1573226552,1016038.2430064952"
Lawrence House Apartments,81-02--81-06 34th Avenue (aka 34-01 81st Street),213748.2964481841,1015933.827336326,existing_landmarks,QN,,,,,https://zola.planning.nyc.gov/search?search=81-02--81-06%2034th%20Avenue%20%28aka%2034-01%2081st%20Street%29,,"https://maps.google.com/?q=213748.2964481841,1015933.827336326"
Community United Methodist Church,81-02--81-10 35th Avenue (aka 35-01 81st Street; 35-02 82nd Street),213082.74192038976,1016038.6106770242,existing_landmarks,QN,,,,,https://zola.planning.nyc.gov/search?search=81-02--81-10%2035th%20Avenue%20%28aka%2035-01%2081st%20Street%3B%2035-02%2082nd%20Street%29,,"https://maps.google.com/?q=213082.74192038976,1016038.6106770242"
Oban Court,81-14--81-20 34th Avenue,213791.73754933532,1016011.5579577984,existing_landmarks,QN,,,,,https://zola.planning.nyc.gov/search?search=81-14--81-20%2034th%20Avenue,,"https://maps.google.com/?q=213791.73754933532,1016011.5579577984"
82-01--82-21 37th Avenue (aka 35-64 83rd Street),82-01--82-21 37th Avenue (aka 35-64 83rd Street),212548.3010674453,1016372.9740600229,existing_landmarks,QN,,,,,https://zola.planning.nyc.gov/search?search=82-01--82-21%2037th%20Avenue%20%28aka%2035-64%2083rd%20Street%29,,"https://maps.google.com/?q=212548.3010674453,1016372.9740600229"
82-02--82-06 34th Avenue (aka 34-01 82nd Street),82-02--82-06 34th Avenue (aka 34-01 82nd Street),213825.7112431945,1016190.5957688408,existing_landmarks,QN,,,,,https://zola.planning.nyc.gov/search?search=82-02--82-06%2034th%20Avenue%20%28aka%2034-01%2082nd%20Street%29,,"https://maps.google.com/?q=213825.7112431945,1016190.5957688408"
82-16--82-20 34th Avenue (aka 34-02--34-06 83rd Street),82-16--82-20 34th Avenue (aka 34-02--34-06 83rd Street),213840.27985567524,1016295.2364984488,existing_landmarks,QN,,,,,https://zola.planning.nyc.gov/search?search=82-16--82-20%2034th%20Avenue%20%28aka%2034-02--34-06%2083rd%20Street%29,,"https://maps.google.com/?q=213840.27985567524,1016295.2364984488"
Georgian Hall,83-01--83-27 37th Avenue (aka 35-61 83rd Street; 35-64 84th Street),212606.10153110692,1016676.113087957,existing_landmarks,QN,,,,,https://zola.planning.nyc.gov/search?search=83-01--83-27%2037th%20Avenue%20%28aka%2035-61%2083rd%20Street%3B%2035-64%2084th%20Street%29,,"https://maps.google.com/?q=212606.10153110692,1016676.113087957"
Fillmore Hall,83-02--83-12 35th Avenue (aka 35-01-35-15 83rd Street),213098.12524748853,1016552.3211372618,existing_landmarks,QN,,,,,https://zola.planning.nyc.gov/search?search=83-02--83-12%2035th%20Avenue%20%28aka%2035-01-35-15%2083rd%20Street%29,,"https://maps.google.com/?q=213098.12524748853,1016552.3211372618"
84-01--84-09 37th Avenue and 35-59--35-67 84th Street,84-01--84-09 37th Avenue and 35-59--35-67 84th Street,212621.62227948732,1016881.5461853042,existing_landmarks,QN,,,,,https://zola.planning.nyc.gov/search?search=84-01--84-09%2037th%20Avenue%20and%2035-59--35-67%2084th%20Street,,"https://maps.google.com/?q=212621.62227948732,1016881.5461853042"
Westleigh Apartments,84-01--84-19 35th Avenue,213370.59448786703,1016832.8642720216,existing_landmarks,QN,,,,,https://zola.planning.nyc.gov/search?search=84-01--84-19%2035th%20Avenue,,"https://maps.google.com/?q=213370.59448786703,1016832.8642720216"
The Belvedere,84-02--84-12 35th Avenue (aka 35-01 84th Street and 35-02 85th Street),213198.88126275223,1016861.7538164008,existing_landmarks,QN,,,,,https://zola.planning.nyc.gov/search?search=84-02--84-12%2035th%20Avenue%20%28aka%2035-01%2084th%20Street%20and%2035-02%2085th%20Street%29,,"https://maps.google.com/?q=213198.88126275223,1016861.7538164008"
84-11--84-23 37th Avenue,84-11--84-23 37th Avenue,212630.13055090568,1016986.2740840734,existing_landmarks,QN,,,,,https://zola.planning.nyc.gov/search?search=84-11--84-23%2037th%20Avenue,,"https://maps.google.com/?q=212630.13055090568,1016986.2740840734"
Westminster Hall Apartments,840-850 St. Mark’s Avenue (aka 148 Brooklyn Avenue),185046.41175119617,999553.3029548198,existing_landmarks,BK,,840-850,St. Mark’s Avenue (aka 148 Brooklyn Avenue),3.0,https://zola.planning.nyc.gov/search?search=840-850%20St.%20Mark%E2%80%99s%20Avenue%20%28aka%20148%20Brooklyn%20Avenue%29,https://a810-bisweb.nyc.gov/bisweb/PropertyProfileOverviewServlet?boro=3&houseno=840-850&street=St.%20Mark%E2%80%99s%20Avenue%20%28aka%20148%20Brooklyn%20Avenue%29,"https://maps.google.com/?q=185046.41175119617,999553.3029548198"
843 Fifth Avenue,843 Fifth Avenue,40.768258,-73.970097,existing_landmarks,MN,,843,Fifth Avenue,,https://zola.planning.nyc.gov/search?search=843%20Fifth%20Avenue,,"https://maps.google.com/?q=40.768258,-73.970097"
Queen Elizabeth Apartments,85-01-85-15 35th Avenue,213456.47824798545,1017095.2676439736,existing_landmarks,QN,,,,,https://zola.planning.nyc.gov/search?search=85-01-85-15%2035th%20Avenue,,"https://maps.google.com/?q=213456.47824798545,1017095.2676439736"
Queen Victoria Apartments,86-02--86-06 35th Avenue (aka 35-01 86th Street; 35-02 87th Street),213255.2188232756,1017377.3608988848,existing_landmarks,QN,,,,,https://zola.planning.nyc.gov/search?search=86-02--86-06%2035th%20Avenue%20%28aka%2035-01%2086th%20Street%3B%2035-02%2087th%20Street%29,,"https://maps.google.com/?q=213255.2188232756,1017377.3608988848"
The Lincoln Apartments,87-01--87-11 35th Avenue,213486.6874959284,1017610.872931594,existing_landmarks,QN,,,,,https://zola.planning.nyc.gov/search?search=87-01--87-11%2035th%20Avenue,,"https://maps.google.com/?q=213486.6874959284,1017610.872931594"
The Creston Arms,87-01--87-11 37th Avenue,212732.6986396314,1017708.325294861,existing_landmarks,QN,,,,,https://zola.planning.nyc.gov/search?search=87-01--87-11%2037th%20Avenue,,"https://maps.google.com/?q=212732.6986396314,1017708.325294861"
Sussex House,87-02--87-10 37th Avenue (aka 37-01--37-05 87th Street; 37-02 88th Street),212561.76141124268,1017733.2380201388,existing_landmarks,QN,,,,,https://zola.planning.nyc.gov/search?search=87-02--87-10%2037th%20Avenue%20%28aka%2037-01--37-05%2087th%20Street%3B%2037-02%2088th%20Street%29,,"https://maps.google.com/?q=212561.76141124268,1017733.2380201388"
89 Chambers Street (aka 71 Reade Street),89 Chambers Street (aka 71 Reade Street),199731.2388719732,982282.868992622,existing_landmarks,MN,,89,Chambers Street (aka 71 Reade Street),,https://zola.planning.nyc.gov/search?search=89%20Chambers%20Street%20%28aka%2071%20Reade%20Street%29,,"https://maps.google.com/?q=199731.2388719732,982282.868992622"
West Street Building,"90 West Street and 140 Cedar Street (aka 87-95 West St., 21-25 Albany St., 136-140 Cedar St.)",197945.90008355,980292.3949753311,existing_landmarks,MN,,90,West Street and 140 Cedar Street (aka 87-95 West St.,,https://zola.planning.nyc.gov/search?search=90%20West%20Street%20and%20140%20Cedar%20Street%20%28aka%2087-95%20West%20St.%2C%2021-25%20Albany%20St.%2C%20136-140%20Cedar%20St.%29,,"https://maps.google.com/?q=197945.90008355,980292.3949753311"
Warren Building,903 -907 Broadway (aka 13 East 20th Street),208668.35171385817,987037.8172308692,existing_landmarks,MN,,903,-907 Broadway (aka 13 East 20th Street),,https://zola.planning.nyc.gov/search?search=903%20-907%20Broadway%20%28aka%2013%20East%2020th%20Street%29,,"https://maps.google.com/?q=208668.35171385817,987037.8172308692"
912-920 Broadway (aka 16 East 21st Street),912-920 Broadway (aka 16 East 21st Street),208720.09052400908,987183.0930646895,existing_landmarks,MN,,912-920,Broadway (aka 16 East 21st Street),,https://zola.planning.nyc.gov/search?search=912-920%20Broadway%20%28aka%2016%20East%2021st%20Street%29,,"https://maps.google.com/?q=208720.09052400908,987183.0930646895"
"93-95, 97, 99 Greene Street","93-95, 97, 99 Greene Street",203178.0071169336,984201.0548832454,existing_landmarks,MN,,,,,https://zola.planning.nyc.gov/search?search=93-95%2C%2097%2C%2099%20Greene%20Street,,"https://maps.google.com/?q=203178.0071169336,984201.0548832454"
The Manhattan School ( formerly Public School No. 3),97-105 Bedford Street (aka 1 Grove Street; 490 Hudson Street),206218.5611140041,982585.2515284764,existing_landmarks,MN,,97-105,Bedford Street (aka 1 Grove Street; 490 Hudson Street),,https://zola.planning.nyc.gov/search?search=97-105%20Bedford%20Street%20%28aka%201%20Grove%20Street%3B%20490%20Hudson%20Street%29,,"https://maps.google.com/?q=206218.5611140041,982585.2515284764"
Adjacent to 303 West 10th Street,Adjacent to 303 West 10th Street,206474.42477219916,981746.968977839,existing_landmarks,MN,,,,,https://zola.planning.nyc.gov/search?search=Adjacent%20to%20303%20West%2010th%20Street,,"https://maps.google.com/?q=206474.42477219916,981746.968977839"
"Saint Paul's Chapel, Columbia University",Amsterdam Avenue at West 117th Street,233600.2240878456,995062.3150838048,existing_landmarks,MN,,,,,https://zola.planning.nyc.gov/search?search=Amsterdam%20Avenue%20at%20West%20117th%20Street,,"https://maps.google.com/?q=233600.2240878456,995062.3150838048"
Knickerbocker Hotel Annex,Annex 143 West 41st Street,214330.82062503023,988125.5428404316,existing_landmarks,MN,,,,,https://zola.planning.nyc.gov/search?search=Annex%20143%20West%2041st%20Street,,"https://maps.google.com/?q=214330.82062503023,988125.5428404316"
Pier A,Battery Park,195909.3758154013,979283.5326317332,existing_landmarks,MN,,,,,https://zola.planning.nyc.gov/search?search=Battery%20Park,,"https://maps.google.com/?q=195909.3758154013,979283.5326317332"
Castle Clinton,Battery Park,195565.6175548756,979599.518678104,existing_landmarks,MN,,,,,https://zola.planning.nyc.gov/search?search=Battery%20Park,,"https://maps.google.com/?q=195565.6175548756,979599.518678104"
Alexander Hamilton Custom House,Bowling Green,195780.0159858768,980439.5427342308,existing_landmarks,MN,,,,,https://zola.planning.nyc.gov/search?search=Bowling%20Green,,"https://maps.google.com/?q=195780.0159858768,980439.5427342308"
Richmond County Isolation Hospital,Brielle Avenue,155194.8325553531,946636.363277315,existing_landmarks,SI,,,,,https://zola.planning.nyc.gov/search?search=Brielle%20Avenue,,"https://maps.google.com/?q=155194.8325553531,946636.363277315"
Union Theological Seminary: Brown Memorial Tower,Broadway & West 120th Street,234692.48913994257,994698.8193790604,existing_landmarks,MN,,,,,https://zola.planning.nyc.gov/search?search=Broadway%20%26%20West%20120th%20Street,,"https://maps.google.com/?q=234692.48913994257,994698.8193790604"
New York City Hall,Broadway at City Hall Park,198948.69249937363,982588.9322665412,existing_landmarks,MN,,,,,https://zola.planning.nyc.gov/search?search=Broadway%20at%20City%20Hall%20Park,,"https://maps.google.com/?q=198948.69249937363,982588.9322665412"
Trinity Church,Broadway at Wall Street,197229.49828466115,980862.4089448444,existing_landmarks,MN,,,,,https://zola.planning.nyc.gov/search?search=Broadway%20at%20Wall%20Street,,"https://maps.google.com/?q=197229.49828466115,980862.4089448444"
Dyckman House,Broadway at West 204th Street,255294.6583450776,1005581.7437682692,existing_landmarks,MN,,,,,https://zola.planning.nyc.gov/search?search=Broadway%20at%20West%20204th%20Street,,"https://maps.google.com/?q=255294.6583450776,1005581.7437682692"
Bryant Park,Bryant Park,214186.9315839545,988756.2641055328,existing_landmarks,MN,,,,,https://zola.planning.nyc.gov/search?search=Bryant%20Park,,"https://maps.google.com/?q=214186.9315839545,988756.2641055328"
Officer's Quarters: Family Housing (16th Infantry),Building No. 111 (between Carder Road and Andes Road),191686.536581006,979465.505576546,existing_landmarks,MN,,,,,https://zola.planning.nyc.gov/search?search=Building%20No.%20111%20%28between%20Carder%20Road%20and%20Andes%20Road%29,,"https://maps.google.com/?q=191686.536581006,979465.505576546"
Fort Jay Nurses' Quarters,"Building No. 114 (Across from Castle Williams, between Carder Road and Andes Road)",191745.0058520093,979166.1016276348,existing_landmarks,MN,,,,,https://zola.planning.nyc.gov/search?search=Building%20No.%20114%20%28Across%20from%20Castle%20Williams%2C%20between%20Carder%20Road%20and%20Andes%20Road%29,,"https://maps.google.com/?q=191745.0058520093,979166.1016276348"
First United States Army Headquarters Building,Building No. 125 (hilltop site north of Andes Road in the midst of the New York Arsenal buildings),191229.74094109723,980460.5400428242,existing_landmarks,MN,,,,1.0,https://zola.planning.nyc.gov/search?search=Building%20No.%20125%20%28hilltop%20site%20north%20of%20Andes%20Road%20in%20the%20midst%20of%20the%20New%20York%20Arsenal%20buildings%29,,"https://maps.google.com/?q=191229.74094109723,980460.5400428242"
Chapel of St. Cornelius the Centurion,Building No. 13 (corner of Barry Road and Evans Road at the south end of Nolan Park),190049.4033348176,980191.7365722142,existing_landmarks,MN,,,,,https://zola.planning.nyc.gov/search?search=Building%20No.%2013%20%28corner%20of%20Barry%20Road%20and%20Evans%20Road%20at%20the%20south%20end%20of%20Nolan%20Park%29,,"https://maps.google.com/?q=190049.4033348176,980191.7365722142"
Quarters of Commanding Officer of New York / Arsenal & Storehouse,"Building No. 135 (between Andes Road and Carder Road, east of Buildings 107 and 108)",191394.2538593059,980334.8956250896,existing_landmarks,MN,,,,,https://zola.planning.nyc.gov/search?search=Building%20No.%20135%20%28between%20Andes%20Road%20and%20Carder%20Road%2C%20east%20of%20Buildings%20107%20and%20108%29,,"https://maps.google.com/?q=191394.2538593059,980334.8956250896"
Fort Jay; (later) Fort Columbus,"Building No. 201 (Fort Jay, 1794-1796) (Fort Columbus, 1806-1904)",191177.5748593936,979814.8255907388,existing_landmarks,MN,,,,,https://zola.planning.nyc.gov/search?search=Building%20No.%20201%20%28Fort%20Jay%2C%201794-1796%29%20%28Fort%20Columbus%2C%201806-1904%29,,"https://maps.google.com/?q=191177.5748593936,979814.8255907388"
South Battery or Half Moon Battery (later Corbin Hall),Building No. 298 (corner of Comfort Rd. and Barry Rd. and overlooking Buttermilk Channel),189933.5357196197,980035.873085112,existing_landmarks,MN,,,,,https://zola.planning.nyc.gov/search?search=Building%20No.%20298%20%28corner%20of%20Comfort%20Rd.%20and%20Barry%20Rd.%20and%20overlooking%20Buttermilk%20Channel%29,,"https://maps.google.com/?q=189933.5357196197,980035.873085112"
Officer's Quarters: Family Housing,"Building No. 3 (Facing Nolan Park, west of Barry Road)",190898.6407101409,980614.8509941992,existing_landmarks,MN,,,,,https://zola.planning.nyc.gov/search?search=Building%20No.%203%20%28Facing%20Nolan%20Park%2C%20west%20of%20Barry%20Road%29,,"https://maps.google.com/?q=190898.6407101409,980614.8509941992"
Public School No. 26,"Building No. 301 (overlooking Buttermilk Channel, south of Kimmel Road)",189779.5574870278,979921.8782925224,existing_landmarks,MN,,,,,https://zola.planning.nyc.gov/search?search=Building%20No.%20301%20%28overlooking%20Buttermilk%20Channel%2C%20south%20of%20Kimmel%20Road%29,,"https://maps.google.com/?q=189779.5574870278,979921.8782925224"
War Department Theater,"Building No. 330 (facing Owasco Road, north of Cartigan Road)",189754.7883151472,979453.3253281914,existing_landmarks,MN,,,,,https://zola.planning.nyc.gov/search?search=Building%20No.%20330%20%28facing%20Owasco%20Road%2C%20north%20of%20Cartigan%20Road%29,,"https://maps.google.com/?q=189754.7883151472,979453.3253281914"
"Detachment Barracks, First Army","Building No. 333 (between King Ave. and Oswego Road, Division Rd. and Clayton Rd.)",189973.2903994549,979420.357807736,existing_landmarks,MN,,,,,https://zola.planning.nyc.gov/search?search=Building%20No.%20333%20%28between%20King%20Ave.%20and%20Oswego%20Road%2C%20Division%20Rd.%20and%20Clayton%20Rd.%29,,"https://maps.google.com/?q=189973.2903994549,979420.357807736"
16th Infantry Regimental Barracks,"Building No. 400 (facing Clayton Rd. between Wheeler Ave., King Ave. and Division Rd.)",190473.0583986868,979072.4907647438,existing_landmarks,MN,,,,,https://zola.planning.nyc.gov/search?search=Building%20No.%20400%20%28facing%20Clayton%20Rd.%20between%20Wheeler%20Ave.%2C%20King%20Ave.%20and%20Division%20Rd.%29,,"https://maps.google.com/?q=190473.0583986868,979072.4907647438"
Officer's Quarters: Single Unit,"Building No. 403 (Regimental Row, between Clayton Rd., Hay Rd., and Comfort Road)",190355.84135413743,979510.790235518,existing_landmarks,MN,,,,,https://zola.planning.nyc.gov/search?search=Building%20No.%20403%20%28Regimental%20Row%2C%20between%20Clayton%20Rd.%2C%20Hay%20Rd.%2C%20and%20Comfort%20Road%29,,"https://maps.google.com/?q=190355.84135413743,979510.790235518"
Officer's Quarters: Double Set,"Building No. 408 (Regimental Row, between Hay Road and Comfort Road)",190906.05872404907,979283.201427938,existing_landmarks,MN,,,,,https://zola.planning.nyc.gov/search?search=Building%20No.%20408%20%28Regimental%20Row%2C%20between%20Hay%20Road%20and%20Comfort%20Road%29,,"https://maps.google.com/?q=190906.05872404907,979283.201427938"
Officer's Quarters: Double Unit,"Building No. 410 (Regimental Row, between Hay Road and Comfort Road)",191143.01234415668,979181.7838080216,existing_landmarks,MN,,,,,https://zola.planning.nyc.gov/search?search=Building%20No.%20410%20%28Regimental%20Row%2C%20between%20Hay%20Road%20and%20Comfort%20Road%29,,"https://maps.google.com/?q=191143.01234415668,979181.7838080216"
Castle Williams,Building No. 501 (intersection of Hay Rd. and Andes Rd. and bordered by Craig Rd. North),191692.44882436868,978886.6043271224,existing_landmarks,MN,,,,,https://zola.planning.nyc.gov/search?search=Building%20No.%20501%20%28intersection%20of%20Hay%20Rd.%20and%20Andes%20Rd.%20and%20bordered%20by%20Craig%20Rd.%20North%29,,"https://maps.google.com/?q=191692.44882436868,978886.6043271224"
Officer's Quarters: Family Housing (16th Regiment),"Building No. 555 (overlooking Upper New York Bay, facing Craig Road North)",191057.19552438887,978492.309860488,existing_landmarks,MN,,,,1.0,https://zola.planning.nyc.gov/search?search=Building%20No.%20555%20%28overlooking%20Upper%20New%20York%20Bay%2C%20facing%20Craig%20Road%20North%29,,"https://maps.google.com/?q=191057.19552438887,978492.309860488"
Post Hospital,"Building No. 9 (facing Nolan Park, northwest of Barry Road)",190274.81840690912,980408.79224091,existing_landmarks,MN,,,,,https://zola.planning.nyc.gov/search?search=Building%20No.%209%20%28facing%20Nolan%20Park%2C%20northwest%20of%20Barry%20Road%29,,"https://maps.google.com/?q=190274.81840690912,980408.79224091"
The General Theological Seminary: Hoffman Hall,Chelsea Square,211103.82474342507,982899.9232845816,existing_landmarks,MN,,,,,https://zola.planning.nyc.gov/search?search=Chelsea%20Square,,"https://maps.google.com/?q=211103.82474342507,982899.9232845816"
The General Theological Seminary: Eigenbrodt Hall,Chelsea Square,211038.50835518236,982869.679490113,existing_landmarks,MN,,,,,https://zola.planning.nyc.gov/search?search=Chelsea%20Square,,"https://maps.google.com/?q=211038.50835518236,982869.679490113"
The General Theological Seminary: Moore Building,Chelsea Square,211010.9989515305,983089.0128861578,existing_landmarks,MN,,,,,https://zola.planning.nyc.gov/search?search=Chelsea%20Square,,"https://maps.google.com/?q=211010.9989515305,983089.0128861578"
The General Theological Seminary: Lorillard Hall,Chelsea Square,211081.6819999012,982968.272182744,existing_landmarks,MN,,,,,https://zola.planning.nyc.gov/search?search=Chelsea%20Square,,"https://maps.google.com/?q=211081.6819999012,982968.272182744"
The General Theological Seminary: Dehon Hall,Chelsea Square,210829.7866697457,983425.5606613064,existing_landmarks,MN,,,,,https://zola.planning.nyc.gov/search?search=Chelsea%20Square,,"https://maps.google.com/?q=210829.7866697457,983425.5606613064"
The General Theological Seminary: Kohne Hall,Chelsea Square,210912.46469760372,983274.9362230184,existing_landmarks,MN,,,,,https://zola.planning.nyc.gov/search?search=Chelsea%20Square,,"https://maps.google.com/?q=210912.46469760372,983274.9362230184"
The General Theological Seminary: Pintard Hall,Chelsea Square,210810.48187483323,983460.0482682976,existing_landmarks,MN,,,,,https://zola.planning.nyc.gov/search?search=Chelsea%20Square,,"https://maps.google.com/?q=210810.48187483323,983460.0482682976"
The General Theological Seminary: Chapel of the Good Shepherd,Chelsea Square,210912.49076003165,983217.7063153676,existing_landmarks,MN,,,,,https://zola.planning.nyc.gov/search?search=Chelsea%20Square,,"https://maps.google.com/?q=210912.49076003165,983217.7063153676"
The General Theological Seminary: Seabury Hall,Chelsea Square,210967.93322452577,983168.974927722,existing_landmarks,MN,,,,,https://zola.planning.nyc.gov/search?search=Chelsea%20Square,,"https://maps.google.com/?q=210967.93322452577,983168.974927722"
The General Theological Seminary: Edson Hall,Chelsea Square,211039.7923832019,983043.627014262,existing_landmarks,MN,,,,,https://zola.planning.nyc.gov/search?search=Chelsea%20Square,,"https://maps.google.com/?q=211039.7923832019,983043.627014262"
The General Theological Seminary: Sherred Hall,Chelsea Square,210856.78717730465,983377.324577676,existing_landmarks,MN,,,,,https://zola.planning.nyc.gov/search?search=Chelsea%20Square,,"https://maps.google.com/?q=210856.78717730465,983377.324577676"
The General Theological Seminary: West Building,Chelsea Square,210912.0789724298,983041.987450066,existing_landmarks,MN,,,,,https://zola.planning.nyc.gov/search?search=Chelsea%20Square,,"https://maps.google.com/?q=210912.0789724298,983041.987450066"
The General Theological Seminary: Dodge Hall,Chelsea Square,210887.7388191148,983322.0299312508,existing_landmarks,MN,,,,,https://zola.planning.nyc.gov/search?search=Chelsea%20Square,,"https://maps.google.com/?q=210887.7388191148,983322.0299312508"
The General Theological Seminary: White Hall,Chelsea Square,211061.79806915345,983004.0411924823,existing_landmarks,MN,,,,,https://zola.planning.nyc.gov/search?search=Chelsea%20Square,,"https://maps.google.com/?q=211061.79806915345,983004.0411924823"
Union Theological Seminary: James Tower,Claremont Avenue between West 120th Street and West 122nd Street,234945.10727703047,994669.504162998,existing_landmarks,MN,,,,,https://zola.planning.nyc.gov/search?search=Claremont%20Avenue%20between%20West%20120th%20Street%20and%20West%20122nd%20Street,,"https://maps.google.com/?q=234945.10727703047,994669.504162998"
Union Theological Seminary: James Memorial Chapel,Claremont Avenue between West 120th Street and West 122nd Street,234879.4356175591,994635.9799512528,existing_landmarks,MN,,,,,https://zola.planning.nyc.gov/search?search=Claremont%20Avenue%20between%20West%20120th%20Street%20and%20West%20122nd%20Street,,"https://maps.google.com/?q=234879.4356175591,994635.9799512528"
"Fonthill, the Edwin Forrest House","College of Mount Saint Vincent, West 261st Street",272034.56137678435,1009194.8986915256,existing_landmarks,BX,,,,,https://zola.planning.nyc.gov/search?search=College%20of%20Mount%20Saint%20Vincent%2C%20West%20261st%20Street,,"https://maps.google.com/?q=272034.56137678435,1009194.8986915256"
Shepard Hall (Main Building),Convent Avenue between West 138th and 140th Streets,238221.4850127709,998578.8927243854,existing_landmarks,MN,,,,,https://zola.planning.nyc.gov/search?search=Convent%20Avenue%20between%20West%20138th%20and%20140th%20Streets,,"https://maps.google.com/?q=238221.4850127709,998578.8927243854"
Goethals Hall (Technology Building),Convent Avenue between West 138th and 140th Streets,238567.5243952213,998353.84084561,existing_landmarks,MN,,,,,https://zola.planning.nyc.gov/search?search=Convent%20Avenue%20between%20West%20138th%20and%20140th%20Streets,,"https://maps.google.com/?q=238567.5243952213,998353.84084561"
Wingate Hall (Gymnasium),Convent Avenue between West 138th and 140th Streets,238234.4621639764,998169.165703326,existing_landmarks,MN,,,,,https://zola.planning.nyc.gov/search?search=Convent%20Avenue%20between%20West%20138th%20and%20140th%20Streets,,"https://maps.google.com/?q=238234.4621639764,998169.165703326"
Baskerville Hall (Chemistry Building),Convent Avenue between West 138th and 140th Streets,238620.4708028072,998135.6406458928,existing_landmarks,MN,,,,,https://zola.planning.nyc.gov/search?search=Convent%20Avenue%20between%20West%20138th%20and%20140th%20Streets,,"https://maps.google.com/?q=238620.4708028072,998135.6406458928"
Townsend Harris Hall (Sub-Freshman Building),Convent Avenue between West 138th and 140th Streets,238368.5561156414,998053.854836461,existing_landmarks,MN,,,,,https://zola.planning.nyc.gov/search?search=Convent%20Avenue%20between%20West%20138th%20and%20140th%20Streets,,"https://maps.google.com/?q=238368.5561156414,998053.854836461"
Compton Hall (Mechanic Arts Building),Convent Avenue between West 138th and 140th Streets,238582.3869348565,998202.6931639838,existing_landmarks,MN,,,,,https://zola.planning.nyc.gov/search?search=Convent%20Avenue%20between%20West%20138th%20and%20140th%20Streets,,"https://maps.google.com/?q=238582.3869348565,998202.6931639838"
Foundation Building,Cooper Square,205008.56757659456,986891.715721509,existing_landmarks,MN,,,,,https://zola.planning.nyc.gov/search?search=Cooper%20Square,,"https://maps.google.com/?q=205008.56757659456,986891.715721509"
Erasmus Hall Academy,"Courtyard of Erasmus Hall High School, 911 Flatbush Avenue",175939.03006166016,996048.4797332888,existing_landmarks,BK,,,,,https://zola.planning.nyc.gov/search?search=Courtyard%20of%20Erasmus%20Hall%20High%20School%2C%20911%20Flatbush%20Avenue,,"https://maps.google.com/?q=175939.03006166016,996048.4797332888"
Dry Dock Number 1,Dock Street at the foot of Third Street,194810.0299583464,990895.4933814117,existing_landmarks,BK,,,,,https://zola.planning.nyc.gov/search?search=Dock%20Street%20at%20the%20foot%20of%20Third%20Street,,"https://maps.google.com/?q=194810.0299583464,990895.4933814117"
Bronx Borough Courthouse,East 161st Street between 3rd and Brook Avenues,239065.4768404302,1009141.8563632406,existing_landmarks,BX,,,,,https://zola.planning.nyc.gov/search?search=East%20161st%20Street%20between%203rd%20and%20Brook%20Avenues,,"https://maps.google.com/?q=239065.4768404302,1009141.8563632406"
Grand Central Terminal,East 42nd Street at Park Avenue,213499.8845890184,990540.8310037474,existing_landmarks,MN,,,,,https://zola.planning.nyc.gov/search?search=East%2042nd%20Street%20at%20Park%20Avenue,,"https://maps.google.com/?q=213499.8845890184,990540.8310037474"
Gracie Mansion,East End Avenue at East 88th Street in Carl Schurz Park,222041.1052840768,1000048.3927235455,existing_landmarks,MN,,,,,https://zola.planning.nyc.gov/search?search=East%20End%20Avenue%20at%20East%2088th%20Street%20in%20Carl%20Schurz%20Park,,"https://maps.google.com/?q=222041.1052840768,1000048.3927235455"
United States General Post Office (James A. Farley Building),Eighth Avenue between 31st and 33rd Streets,213080.88378258384,985388.8425108184,existing_landmarks,MN,,,,,https://zola.planning.nyc.gov/search?search=Eighth%20Avenue%20between%2031st%20and%2033rd%20Streets,,"https://maps.google.com/?q=213080.88378258384,985388.8425108184"
Shelter,Ellis Island No. 1,194510.314441202,973199.179570096,existing_landmarks,MN,,,,,https://zola.planning.nyc.gov/search?search=Ellis%20Island%20No.%201,,"https://maps.google.com/?q=194510.314441202,973199.179570096"
Ferry Building,Ellis Island No. 2,194085.2772435599,972725.538892376,existing_landmarks,MN,,,,,https://zola.planning.nyc.gov/search?search=Ellis%20Island%20No.%202,,"https://maps.google.com/?q=194085.2772435599,972725.538892376"
Green-Wood Cemetery Gate,Fifth Avenue at 25th Street,179037.8342385085,985715.1846349612,existing_landmarks,BK,,,,,https://zola.planning.nyc.gov/search?search=Fifth%20Avenue%20at%2025th%20Street,,"https://maps.google.com/?q=179037.8342385085,985715.1846349612"
Metropolitan Museum of Art,Fifth Avenue at East 82nd Street,223459.70137601596,994717.0074692776,existing_landmarks,MN,,,,,https://zola.planning.nyc.gov/search?search=Fifth%20Avenue%20at%20East%2082nd%20Street,,"https://maps.google.com/?q=223459.70137601596,994717.0074692776"
Surgeon's House,Flushing Avenue opposite Ryerson Street,194044.2560755219,993844.6026593248,existing_landmarks,BK,,,,,https://zola.planning.nyc.gov/search?search=Flushing%20Avenue%20opposite%20Ryerson%20Street,,"https://maps.google.com/?q=194044.2560755219,993844.6026593248"
Unisphere,Flushing Meadows-Corona Park,211247.36871127383,1027179.0125035509,existing_landmarks,QN,,,,,https://zola.planning.nyc.gov/search?search=Flushing%20Meadows-Corona%20Park,,"https://maps.google.com/?q=211247.36871127383,1027179.0125035509"
Alumni House,"Fordham University, East Fordham Road and East 191st Street",253889.98614966532,1015383.501578284,existing_landmarks,BX,,,,,https://zola.planning.nyc.gov/search?search=Fordham%20University%2C%20East%20Fordham%20Road%20and%20East%20191st%20Street,,"https://maps.google.com/?q=253889.98614966532,1015383.501578284"
Saint John's Church,"Fordham University, Rose Hill Campus, East Fordham Road and East 191st Street",253909.23135214596,1015662.9819999684,existing_landmarks,BX,,,,,https://zola.planning.nyc.gov/search?search=Fordham%20University%2C%20Rose%20Hill%20Campus%2C%20East%20Fordham%20Road%20and%20East%20191st%20Street,,"https://maps.google.com/?q=253909.23135214596,1015662.9819999684"
Saint John's Hall,"Fordham University, Rose Hill Campus, East Fordham Road and East 191st Street",253891.2318348284,1015535.2571483616,existing_landmarks,BX,,,,,https://zola.planning.nyc.gov/search?search=Fordham%20University%2C%20Rose%20Hill%20Campus%2C%20East%20Fordham%20Road%20and%20East%20191st%20Street,,"https://maps.google.com/?q=253891.2318348284,1015535.2571483616"
Forest Park Carousel,"Forest Park, west of Woodhaven Boulevard and north of West Main Drive",194477.7154458373,1023975.5053950392,existing_landmarks,QN,,,,,https://zola.planning.nyc.gov/search?search=Forest%20Park%2C%20west%20of%20Woodhaven%20Boulevard%20and%20north%20of%20West%20Main%20Drive,,"https://maps.google.com/?q=194477.7154458373,1023975.5053950392"
The Cloisters (Metropolitan Museum of Art),Fort Tryon Park,254367.29177816413,1003096.9557025646,existing_landmarks,MN,,,,,https://zola.planning.nyc.gov/search?search=Fort%20Tryon%20Park,,"https://maps.google.com/?q=254367.29177816413,1003096.9557025646"
Battery Weed,Fort Wadsworth Reservation,159886.9918092953,969206.4397579492,existing_landmarks,SI,,,,,https://zola.planning.nyc.gov/search?search=Fort%20Wadsworth%20Reservation,,"https://maps.google.com/?q=159886.9918092953,969206.4397579492"
Municipal Asphalt Plant,Franklin Delano Roosevelt Drive at East 90th Street,222809.5991502198,999915.6120628824,existing_landmarks,MN,,,,,https://zola.planning.nyc.gov/search?search=Franklin%20Delano%20Roosevelt%20Drive%20at%20East%2090th%20Street,,"https://maps.google.com/?q=222809.5991502198,999915.6120628824"
Grand Army Plaza,Grand Army Plaza,185154.3152165733,992284.0611580214,existing_landmarks,BK,,,,,https://zola.planning.nyc.gov/search?search=Grand%20Army%20Plaza,,"https://maps.google.com/?q=185154.3152165733,992284.0611580214"
Soldiers' and Sailors' Memorial Arch,Grand Army Plaza,184465.57003957767,992598.5540554716,existing_landmarks,BK,,,,,https://zola.planning.nyc.gov/search?search=Grand%20Army%20Plaza,,"https://maps.google.com/?q=184465.57003957767,992598.5540554716"
"Brooklyn Public Library, Central Building","Grand Army Plaza (aka 2 Eastern Parkway, 415 Flatbush Avenue)",184192.6730045869,993096.3337961856,existing_landmarks,BK,,,,,https://zola.planning.nyc.gov/search?search=Grand%20Army%20Plaza%20%28aka%202%20Eastern%20Parkway%2C%20415%20Flatbush%20Avenue%29,,"https://maps.google.com/?q=184192.6730045869,993096.3337961856"
"Hall of Fame, New York University",Hall of Fame Terrace at Sedgwick Avenue,252196.9439535228,1008051.6750177532,existing_landmarks,BX,,,,,https://zola.planning.nyc.gov/search?search=Hall%20of%20Fame%20Terrace%20at%20Sedgwick%20Avenue,,"https://maps.google.com/?q=252196.9439535228,1008051.6750177532"
United States Naval Hospital,Hospital Road. between Squibb Place and Oman Road,193847.44970524905,993968.1219768432,existing_landmarks,BK,,,,,https://zola.planning.nyc.gov/search?search=Hospital%20Road.%20between%20Squibb%20Place%20and%20Oman%20Road,,"https://maps.google.com/?q=193847.44970524905,993968.1219768432"
High Pumping Station,Jerome Avenue,259287.5741333865,1015564.4303397108,existing_landmarks,BX,,,,,https://zola.planning.nyc.gov/search?search=Jerome%20Avenue,,"https://maps.google.com/?q=259287.5741333865,1015564.4303397108"
Macomb's Dam Bridge (originally Central Bridge),"Jerome Avenue (Bronx), crossing the Harlem River to West 155th Street (Manhattan)",241191.8315120743,1002457.0408354992,existing_landmarks,MN,,,,1.0,https://zola.planning.nyc.gov/search?search=Jerome%20Avenue%20%28Bronx%29%2C%20crossing%20the%20Harlem%20River%20to%20West%20155th%20Street%20%28Manhattan%29,,"https://maps.google.com/?q=241191.8315120743,1002457.0408354992"
Marine Air Terminal,LaGuardia Airport,221126.11600494225,1015882.0840958467,existing_landmarks,QN,,,,,https://zola.planning.nyc.gov/search?search=LaGuardia%20Airport,,"https://maps.google.com/?q=221126.11600494225,1015882.0840958467"
Statue of Liberty,Liberty Island,190386.3905026406,971897.7068829208,existing_landmarks,MN,,,,,https://zola.planning.nyc.gov/search?search=Liberty%20Island,,"https://maps.google.com/?q=190386.3905026406,971897.7068829208"
Low Memorial Library,North of the College Walk (West 116th Street) between Broadway and Amsterdam Avenue,233736.58003260207,994815.2248689672,existing_landmarks,MN,,,,,https://zola.planning.nyc.gov/search?search=North%20of%20the%20College%20Walk%20%28West%20116th%20Street%29%20between%20Broadway%20and%20Amsterdam%20Avenue,,"https://maps.google.com/?q=233736.58003260207,994815.2248689672"
Northeast corner of Albany and West Streets,Northeast corner of Albany and West Streets,197893.5795833836,980222.5560161708,existing_landmarks,MN,,,,,https://zola.planning.nyc.gov/search?search=Northeast%20corner%20of%20Albany%20and%20West%20Streets,,"https://maps.google.com/?q=197893.5795833836,980222.5560161708"
Roosevelt Island Lighthouse,"Northern tip of Roosevelt Island, approximately opposite East 86th Street",220847.34132750385,1000817.5027586442,existing_landmarks,MN,,,,,https://zola.planning.nyc.gov/search?search=Northern%20tip%20of%20Roosevelt%20Island%2C%20approximately%20opposite%20East%2086th%20Street,,"https://maps.google.com/?q=220847.34132750385,1000817.5027586442"
Washington Bridge,Over the Harlem River from West 181st Street (Manhattan) to University Avenue (Bronx),247718.7059174441,1004309.60836923,existing_landmarks,MN,,,,1.0,https://zola.planning.nyc.gov/search?search=Over%20the%20Harlem%20River%20from%20West%20181st%20Street%20%28Manhattan%29%20to%20University%20Avenue%20%28Bronx%29,,"https://maps.google.com/?q=247718.7059174441,1004309.60836923"
University Heights Bridge,Over the Harlem River from West 207th Street (Manhattan) to West Fordham Road (Bronx),253674.65106994085,1007692.1220933612,existing_landmarks,MN,,,,1.0,https://zola.planning.nyc.gov/search?search=Over%20the%20Harlem%20River%20from%20West%20207th%20Street%20%28Manhattan%29%20to%20West%20Fordham%20Road%20%28Bronx%29,,"https://maps.google.com/?q=253674.65106994085,1007692.1220933612"
Saint Bartholomew's Church,Park Avenue at East 50th Street,215185.1626170285,991709.143646674,existing_landmarks,MN,,,,,https://zola.planning.nyc.gov/search?search=Park%20Avenue%20at%20East%2050th%20Street,,"https://maps.google.com/?q=215185.1626170285,991709.143646674"
Park Avenue Viaduct,Park Avenue from East 40th Street to Grand Central Terminal,213091.07098031096,990323.8485477908,existing_landmarks,MN,,,,,https://zola.planning.nyc.gov/search?search=Park%20Avenue%20from%20East%2040th%20Street%20to%20Grand%20Central%20Terminal,,"https://maps.google.com/?q=213091.07098031096,990323.8485477908"
Pelham Bay Park,Pelham Bay Park,253677.7840673027,1041083.8250660184,existing_landmarks,BX,,,,,https://zola.planning.nyc.gov/search?search=Pelham%20Bay%20Park,,"https://maps.google.com/?q=253677.7840673027,1041083.8250660184"
Orchard Beach Bathhouse,Pelham Bay Park,254946.50544066163,1041034.3706145566,existing_landmarks,BX,,,,,https://zola.planning.nyc.gov/search?search=Pelham%20Bay%20Park,,"https://maps.google.com/?q=254946.50544066163,1041034.3706145566"
Staten Island Borough Hall,Richmond Terrace,173332.1290263842,963145.894089252,existing_landmarks,SI,,,,5.0,https://zola.planning.nyc.gov/search?search=Richmond%20Terrace,,"https://maps.google.com/?q=173332.1290263842,963145.894089252"
Parachute Jump,Riegelmann Boardwalk at West 16th Street,148033.19928884943,988592.540230815,existing_landmarks,BK,,,,,https://zola.planning.nyc.gov/search?search=Riegelmann%20Boardwalk%20at%20West%2016th%20Street,,"https://maps.google.com/?q=148033.19928884943,988592.540230815"
Soldiers' and Sailors' Monument,Riverside Drive at West 89th Street,227856.78076545105,990086.7767910968,existing_landmarks,MN,,,,,https://zola.planning.nyc.gov/search?search=Riverside%20Drive%20at%20West%2089th%20Street,,"https://maps.google.com/?q=227856.78076545105,990086.7767910968"
One Rockefeller Plaza (originally Time & Life Building),Rockefeller Center,215430.1542809957,990094.9332534733,existing_landmarks,MN,,,,,https://zola.planning.nyc.gov/search?search=Rockefeller%20Center,,"https://maps.google.com/?q=215430.1542809957,990094.9332534733"
Smallpox Hospital,"Roosevelt Island, located approximately opposite East 52nd Street",213104.9153846992,995449.1172005936,existing_landmarks,MN,,,,,https://zola.planning.nyc.gov/search?search=Roosevelt%20Island%2C%20located%20approximately%20opposite%20East%2052nd%20Street,,"https://maps.google.com/?q=213104.9153846992,995449.1172005936"
Strecker Laboratory,"Roosevelt Island, located approximately opposite East 52nd Street",213347.54246273224,995822.8454167552,existing_landmarks,MN,,,,,https://zola.planning.nyc.gov/search?search=Roosevelt%20Island%2C%20located%20approximately%20opposite%20East%2052nd%20Street,,"https://maps.google.com/?q=213347.54246273224,995822.8454167552"
Blackwell House,"Roosevelt Island, located approximately opposite East 65th Street",216290.16078823863,997788.0945797272,existing_landmarks,MN,,,,,https://zola.planning.nyc.gov/search?search=Roosevelt%20Island%2C%20located%20approximately%20opposite%20East%2065th%20Street,,"https://maps.google.com/?q=216290.16078823863,997788.0945797272"
Chapel of the Good Shepherd,"Roosevelt Island, located approximately opposite East 68th Street",216840.17942480723,998037.769056164,existing_landmarks,MN,,,,,https://zola.planning.nyc.gov/search?search=Roosevelt%20Island%2C%20located%20approximately%20opposite%20East%2068th%20Street,,"https://maps.google.com/?q=216840.17942480723,998037.769056164"
New York City Lunatic Asylum (The Octagon),"Roosevelt Island, located approximately opposite East 79th Street",219468.6498486676,999879.360548286,existing_landmarks,MN,,,,,https://zola.planning.nyc.gov/search?search=Roosevelt%20Island%2C%20located%20approximately%20opposite%20East%2079th%20Street,,"https://maps.google.com/?q=219468.6498486676,999879.360548286"
Williamsburg Houses,"Scholes to Maujer Streets, Bushwick Avenue to Leonard Street",197952.55469071952,1000253.1330177016,existing_landmarks,BK,,,,,https://zola.planning.nyc.gov/search?search=Scholes%20to%20Maujer%20Streets%2C%20Bushwick%20Avenue%20to%20Leonard%20Street,,"https://maps.google.com/?q=197952.55469071952,1000253.1330177016"
Children's Hospital,Seaview Hospital,154774.16129707918,948477.1997367038,existing_landmarks,SI,,,,,https://zola.planning.nyc.gov/search?search=Seaview%20Hospital,,"https://maps.google.com/?q=154774.16129707918,948477.1997367038"
City Mission Chapel (Chapel of St. Luke the Physician),Seaview Hospital,154546.05030195724,947227.2969580608,existing_landmarks,SI,,,,,https://zola.planning.nyc.gov/search?search=Seaview%20Hospital,,"https://maps.google.com/?q=154546.05030195724,947227.2969580608"
Catholic Chapel and Rectory,Seaview Hospital,154382.95867334993,947496.0041647982,existing_landmarks,SI,,,,,https://zola.planning.nyc.gov/search?search=Seaview%20Hospital,,"https://maps.google.com/?q=154382.95867334993,947496.0041647982"
Seaview Hospital,Seaview Hospital,154721.60025457712,947720.6906629932,existing_landmarks,SI,,,,,https://zola.planning.nyc.gov/search?search=Seaview%20Hospital,,"https://maps.google.com/?q=154721.60025457712,947720.6906629932"
The Group Building,Seaview Hospital Sanitorium Additions,154339.06382253984,947233.0297964088,existing_landmarks,SI,,,,,https://zola.planning.nyc.gov/search?search=Seaview%20Hospital%20Sanitorium%20Additions,,"https://maps.google.com/?q=154339.06382253984,947233.0297964088"
Men's Open-Air Pavilion,Seaview Hospital Sanitorium Additions,153906.82910751112,947113.759303161,existing_landmarks,SI,,,,,https://zola.planning.nyc.gov/search?search=Seaview%20Hospital%20Sanitorium%20Additions,,"https://maps.google.com/?q=153906.82910751112,947113.759303161"
Women's Open-Air Pavilion,Seaview Hospital Sanitorium Additions,155550.3902491769,948165.003717926,existing_landmarks,SI,,,,,https://zola.planning.nyc.gov/search?search=Seaview%20Hospital%20Sanitorium%20Additions,,"https://maps.google.com/?q=155550.3902491769,948165.003717926"
First Precinct Police Station,South Street and Old Slip (100 Old Slip),195575.6345506814,981995.4545240042,existing_landmarks,MN,,,,,https://zola.planning.nyc.gov/search?search=South%20Street%20and%20Old%20Slip%20%28100%20Old%20Slip%29,,"https://maps.google.com/?q=195575.6345506814,981995.4545240042"
Queensboro Bridge,"Spanning the East River between 11th Street, Queens and East 59th Street, Manhattan",215224.26112721488,996500.827643204,existing_landmarks,MN,,,,1.0,https://zola.planning.nyc.gov/search?search=Spanning%20the%20East%20River%20between%2011th%20Street%2C%20Queens%20and%20East%2059th%20Street%2C%20Manhattan,,"https://maps.google.com/?q=215224.26112721488,996500.827643204"
Brooklyn Bridge,"Spanning the East River between Cadman Plaza, Brooklyn, and City Hall Park, Manhattan",196564.44072486705,985082.2861833972,existing_landmarks,MN,,,,1.0,https://zola.planning.nyc.gov/search?search=Spanning%20the%20East%20River%20between%20Cadman%20Plaza%2C%20Brooklyn%2C%20and%20City%20Hall%20Park%2C%20Manhattan,,"https://maps.google.com/?q=196564.44072486705,985082.2861833972"
High Bridge,"Spanning the Harlem River between West 170th Street, the Bronx, and High Bridge Park, Manhattan",246129.42085715773,1003840.4792276232,existing_landmarks,MN,,,,1.0,https://zola.planning.nyc.gov/search?search=Spanning%20the%20Harlem%20River%20between%20West%20170th%20Street%2C%20the%20Bronx%2C%20and%20High%20Bridge%20Park%2C%20Manhattan,,"https://maps.google.com/?q=246129.42085715773,1003840.4792276232"
Fort Schuyler,"State University of New York Maritime College, east of the Throgs Neck Bridge",232735.0501742099,1041952.1120434968,existing_landmarks,BX,,,,1.0,https://zola.planning.nyc.gov/search?search=State%20University%20of%20New%20York%20Maritime%20College%2C%20east%20of%20the%20Throgs%20Neck%20Bridge,,"https://maps.google.com/?q=232735.0501742099,1041952.1120434968"
IRT Broadway Line Viaduct,"West 122nd Street to West 135th Street, Broadway",236549.778033016,995845.4126986122,existing_landmarks,MN,,,,,https://zola.planning.nyc.gov/search?search=West%20122nd%20Street%20to%20West%20135th%20Street%2C%20Broadway,,"https://maps.google.com/?q=236549.778033016,995845.4126986122"
Mount Saint Vincent Academy,West 261st Street,272182.9427488045,1009481.3708787475,existing_landmarks,BX,,,,,https://zola.planning.nyc.gov/search?search=West%20261st%20Street,,"https://maps.google.com/?q=272182.9427488045,1009481.3708787475"
West 261st Street,West 261st Street,271600.2620065846,1010450.7896949908,existing_landmarks,BX,,,,,https://zola.planning.nyc.gov/search?search=West%20261st%20Street,,"https://maps.google.com/?q=271600.2620065846,1010450.7896949908"
Carnegie Hall,West 57th Street at Seventh Avenue,217985.87821419892,989814.4368176188,existing_landmarks,MN,,,,,https://zola.planning.nyc.gov/search?search=West%2057th%20Street%20at%20Seventh%20Avenue,,"https://maps.google.com/?q=217985.87821419892,989814.4368176188"
[No Number] Avenue A,[No Number] Avenue A,204498.68340875203,989261.171077816,existing_landmarks,MN,,,,,https://zola.planning.nyc.gov/search?search=%5BNo%20Number%5D%20Avenue%20A,,"https://maps.google.com/?q=204498.68340875203,989261.171077816"
[No Number] Brooklyn Avenue,[No Number] Brooklyn Avenue,183699.8948026832,999663.094830738,existing_landmarks,BK,,,,3.0,https://zola.planning.nyc.gov/search?search=%5BNo%20Number%5D%20Brooklyn%20Avenue,,"https://maps.google.com/?q=183699.8948026832,999663.094830738"
[No Number] Hancock Street (aka 561 Hancock Street),[No Number] Hancock Street (aka 561 Hancock Street),188712.60524509093,1002874.4726511576,existing_landmarks,BK,,,,,https://zola.planning.nyc.gov/search?search=%5BNo%20Number%5D%20Hancock%20Street%20%28aka%20561%20Hancock%20Street%29,,"https://maps.google.com/?q=188712.60524509093,1002874.4726511576"
[No Number] Macon Street (aka 474 Macon Street),[No Number] Macon Street (aka 474 Macon Street),188121.870410376,1003219.6960349352,existing_landmarks,BK,,,,,https://zola.planning.nyc.gov/search?search=%5BNo%20Number%5D%20Macon%20Street%20%28aka%20474%20Macon%20Street%29,,"https://maps.google.com/?q=188121.870410376,1003219.6960349352"
[No Number] St. Mark's Avenue,[No Number] St. Mark's Avenue,184982.4013606168,1000459.2772769476,existing_landmarks,BK,,,,,https://zola.planning.nyc.gov/search?search=%5BNo%20Number%5D%20St.%20Mark%27s%20Avenue,,"https://maps.google.com/?q=184982.4013606168,1000459.2772769476"
[No Number] Sterling Place,[No Number] Sterling Place,184076.70227424343,1000564.3961412952,existing_landmarks,BK,,,,,https://zola.planning.nyc.gov/search?search=%5BNo%20Number%5D%20Sterling%20Place,,"https://maps.google.com/?q=184076.70227424343,1000564.3961412952"
Chester Court Wall,[No number] Chester Court,179111.7702711889,994923.5846120164,existing_landmarks,BK,,,,,https://zola.planning.nyc.gov/search?search=%5BNo%20number%5D%20Chester%20Court,,"https://maps.google.com/?q=179111.7702711889,994923.5846120164"
,1 Boerum Place,40.69,-73.988,new_additions,BR,,1,Boerum Place,,https://zola.planning.nyc.gov/search?search=1%20Boerum%20Place,,
,1 Dekalb Avenue,40.6907,-73.983,new_additions,BR,,1,Dekalb Avenue,,https://zola.planning.nyc.gov/search?search=1%20Dekalb%20Avenue,,
,1 Idlewild Drive,40.6413,-73.7781,new_additions,QU,,1,Idlewild Drive,,https://zola.planning.nyc.gov/search?search=1%20Idlewild%20Drive,,
,1 Prospect Park West,40.672,-73.971,new_additions,BR,,1,Prospect Park West,,https://zola.planning.nyc.gov/search?search=1%20Prospect%20Park%20West,,
,1 South 1st Street,40.716,-73.968,new_additions,BR,,1,South 1st Street,,https://zola.planning.nyc.gov/search?search=1%20South%201st%20Street,,
,10 Chrystie Street,40.7161,-73.9939,new_additions,,,10,Chrystie Street,,https://zola.planning.nyc.gov/search?search=10%20Chrystie%20Street,,
,100 Willoughby Street,40.6915,-73.985,new_additions,BR,,100,Willoughby Street,,https://zola.planning.nyc.gov/search?search=100%20Willoughby%20Street,,
,101 Lincoln Avenue,40.773173,-73.983843,new_additions,,,101,Lincoln Avenue,,https://zola.planning.nyc.gov/search?search=101%20Lincoln%20Avenue,,
,11 Hoyt Street,40.6901,-73.9845,new_additions,BR,,11,Hoyt Street,,https://zola.planning.nyc.gov/search?search=11%20Hoyt%20Street,,
,111 North 12th Street,40.7215,-73.959,new_additions,BR,,111,North 12th Street,,https://zola.planning.nyc.gov/search?search=111%20North%2012th%20Street,,
,123 Melrose Street,40.723011,-73.987016,new_additions,,,123,Melrose Street,,https://zola.planning.nyc.gov/search?search=123%20Melrose%20Street,,
,130 Felix Street,40.686,-73.9788,new_additions,BR,,130,Felix Street,,https://zola.planning.nyc.gov/search?search=130%20Felix%20Street,,
,138 Willoughby Street,40.6914,-73.9836,new_additions,BR,,138,Willoughby Street,,https://zola.planning.nyc.gov/search?search=138%20Willoughby%20Street,,
,141 Willoughby Street,40.692,-73.9825,new_additions,BR,,141,Willoughby Street,,https://zola.planning.nyc.gov/search?search=141%20Willoughby%20Street,,
,15 Bridge Park Drive,40.708044,-73.999344,new_additions,,,15,Bridge Park Drive,,https://zola.planning.nyc.gov/search?search=15%20Bridge%20Park%20Drive,,
,168 Plymouth Street,40.7028,-73.9885,new_additions,BR,,168,Plymouth Street,,https://zola.planning.nyc.gov/search?search=168%20Plymouth%20Street,,
,173 and 176 Perry Street,40.7358,-74.0075,new_additions,MA,,173,and 176 Perry Street,,https://zola.planning.nyc.gov/search?search=173%20and%20176%20Perry%20Street,,
,189 Schermerhorn Street,40.808457,-73.960235,new_additions,,,189,Schermerhorn Street,,https://zola.planning.nyc.gov/search?search=189%20Schermerhorn%20Street,,
,196 and 200 Eleventh Avenue,40.7475,-74.0105,new_additions,MA,,196,and 200 Eleventh Avenue,,https://zola.planning.nyc.gov/search?search=196%20and%20200%20Eleventh%20Avenue,,
,209 Havemeyer Street,40.809393,-73.96246,new_additions,,,209,Havemeyer Street,,https://zola.planning.nyc.gov/search?search=209%20Havemeyer%20Street,,
,21 India Street,40.872549,-73.919038,new_additions,,,21,India Street,,https://zola.planning.nyc.gov/search?search=21%20India%20Street,,
,211 Schermerhorn Street,40.808457,-73.960235,new_additions,,,211,Schermerhorn Street,,https://zola.planning.nyc.gov/search?search=211%20Schermerhorn%20Street,,
,22 North 6th Street,40.7198,-73.9634,new_additions,BR,,22,North 6th Street,,https://zola.planning.nyc.gov/search?search=22%20North%206th%20Street,,
,22-44 Jackson Avenue,40.713982,-73.981538,new_additions,,,22-44,Jackson Avenue,,https://zola.planning.nyc.gov/search?search=22-44%20Jackson%20Avenue,,
,23-10 44th Drive,40.754335,-73.978867,new_additions,,,23-10,44th Drive,,https://zola.planning.nyc.gov/search?search=23-10%2044th%20Drive,,
,23-15 44th Drive,40.754335,-73.978867,new_additions,,,23-15,44th Drive,,https://zola.planning.nyc.gov/search?search=23-15%2044th%20Drive,,
,25 Kent Avenue,40.807109,-73.961168,new_additions,,,25,Kent Avenue,,https://zola.planning.nyc.gov/search?search=25%20Kent%20Avenue,,
,26 Central Avenue,40.78237,-73.965238,new_additions,,,26,Central Avenue,,https://zola.planning.nyc.gov/search?search=26%20Central%20Avenue,,
,262 1st Street,40.6766,-73.9804,new_additions,BR,,262,1st Street,,https://zola.planning.nyc.gov/search?search=262%201st%20Street,,
,262 Ashland Place,40.6865,-73.9785,new_additions,BR,,262,Ashland Place,,https://zola.planning.nyc.gov/search?search=262%20Ashland%20Place,,
,27-19 44th Drive,40.754272,-73.978719,new_additions,,,27-19,44th Drive,,https://zola.planning.nyc.gov/search?search=27-19%2044th%20Drive,,
,27-21 44th Drive,40.754272,-73.978719,new_additions,,,27-21,44th Drive,,https://zola.planning.nyc.gov/search?search=27-21%2044th%20Drive,,
,28-07 Jackson Avenue,40.713982,-73.981538,new_additions,,,28-07,Jackson Avenue,,https://zola.planning.nyc.gov/search?search=28-07%20Jackson%20Avenue,,
,28-10 Jackson Avenue,40.713982,-73.981538,new_additions,,,28-10,Jackson Avenue,,https://zola.planning.nyc.gov/search?search=28-10%20Jackson%20Avenue,,
,280 Cadman Plaza West,40.695,-73.991,new_additions,BR,,280,Cadman Plaza West,,https://zola.planning.nyc.gov/search?search=280%20Cadman%20Plaza%20West,,
,29-59 Northern Boulevard,40.714186,-74.016651,new_additions,,,29-59,Northern Boulevard,,https://zola.planning.nyc.gov/search?search=29-59%20Northern%20Boulevard,,
,300 Ashland Place,40.6865,-73.978,new_additions,,,300,Ashland Place,,https://zola.planning.nyc.gov/search?search=300%20Ashland%20Place,,
,325 Kent Avenue,40.807109,-73.961168,new_additions,,,325,Kent Avenue,,https://zola.planning.nyc.gov/search?search=325%20Kent%20Avenue,,
,3300 Fillmore Avenue,40.61,-73.928,new_additions,BR,,3300,Fillmore Avenue,,https://zola.planning.nyc.gov/search?search=3300%20Fillmore%20Avenue,,
,333 Schermerhorn Street,40.808457,-73.960235,new_additions,,,333,Schermerhorn Street,,https://zola.planning.nyc.gov/search?search=333%20Schermerhorn%20Street,,
,336 Flatbush Avenue Extension,40.691,-73.9835,new_additions,BR,,336,Flatbush Avenue Extension,,https://zola.planning.nyc.gov/search?search=336%20Flatbush%20Avenue%20Extension,,
,34 North 7th Street,40.72,-73.964,new_additions,BR,,34,North 7th Street,,https://zola.planning.nyc.gov/search?search=34%20North%207th%20Street,,
,345 Meatpacking,40.74,-74.0076,new_additions,,,345,Meatpacking,,https://zola.planning.nyc.gov/search?search=345%20Meatpacking,,
,420 Kent Avenue,40.807109,-73.961168,new_additions,,,420,Kent Avenue,,https://zola.planning.nyc.gov/search?search=420%20Kent%20Avenue,,
,425 West 17th Street,40.74332,-74.005031,new_additions,,,425,West 17th Street,,https://zola.planning.nyc.gov/search?search=425%20West%2017th%20Street,,"https://maps.google.com/?q=40.74332,-74.005031"
,43-25 Hunter Street,40.76855,-73.96509,new_additions,,,43-25,Hunter Street,,https://zola.planning.nyc.gov/search?search=43-25%20Hunter%20Street,,
,45-45 Center Boulevard,40.785193,-73.973924,new_additions,,,45-45,Center Boulevard,,https://zola.planning.nyc.gov/search?search=45-45%20Center%20Boulevard,,
,461 West 42nd Street,40.759316,-73.994715,new_additions,,,461,West 42nd Street,,https://zola.planning.nyc.gov/search?search=461%20West%2042nd%20Street,,"https://maps.google.com/?q=40.759316,-73.994715"
,470 Kent Avenue,40.807109,-73.961168,new_additions,,,470,Kent Avenue,,https://zola.planning.nyc.gov/search?search=470%20Kent%20Avenue,,
,497 Zerega Avenue,40.727236,-73.994931,new_additions,,,497,Zerega Avenue,,https://zola.planning.nyc.gov/search?search=497%20Zerega%20Avenue,,
,50 East 149th Street,40.817,-73.926,new_additions,BR,,50,East 149th Street,,https://zola.planning.nyc.gov/search?search=50%20East%20149th%20Street,,
,515 High Line,40.7476,-74.0074,new_additions,MA,,515,High Line,,https://zola.planning.nyc.gov/search?search=515%20High%20Line,,
,52-03 Center Boulevard,40.785193,-73.973924,new_additions,,,52-03,Center Boulevard,,https://zola.planning.nyc.gov/search?search=52-03%20Center%20Boulevard,,
,52-41 Center Boulevard,40.785193,-73.973924,new_additions,,,52-41,Center Boulevard,,https://zola.planning.nyc.gov/search?search=52-41%20Center%20Boulevard,,
,54 Noll Street,40.702,-73.93,new_additions,BR,,54,Noll Street,,https://zola.planning.nyc.gov/search?search=54%20Noll%20Street,,
,565 Broome SoHo,40.724032,-74.004961,new_additions,,,565,Broome SoHo,,https://zola.planning.nyc.gov/search?search=565%20Broome%20SoHo,,
,59th Street and 2nd Avenue,40.760601,-73.964314,new_additions,,,,,,https://zola.planning.nyc.gov/search?search=59th%20Street%20and%202nd%20Avenue,,
,620 Atlantic Avenue,40.6826,-73.9746,new_additions,BR,,620,Atlantic Avenue,,https://zola.planning.nyc.gov/search?search=620%20Atlantic%20Avenue,,
,647 Fulton Street,40.687,-73.978,new_additions,BR,,647,Fulton Street,,https://zola.planning.nyc.gov/search?search=647%20Fulton%20Street,,
,833 Spofford Avenue,40.814,-73.882,new_additions,BR,,833,Spofford Avenue,,https://zola.planning.nyc.gov/search?search=833%20Spofford%20Avenue,,
,9 DeKalb Avenue,40.6905,-73.9811,new_additions,BR,,9,DeKalb Avenue,,https://zola.planning.nyc.gov/search?search=9%20DeKalb%20Avenue,,
,Center Boulevard,40.785193,-73.973924,new_additions,,,,,,https://zola.planning.nyc.gov/search?search=Center%20Boulevard,,
,Central Park,40.78237,-73.965238,new_additions,,,,,,https://zola.planning.nyc.gov/search?search=Central%20Park,,
,Flushing Meadows Corona Park,40.7468,-73.8458,new_additions,QU,,,,,https://zola.planning.nyc.gov/search?search=Flushing%20Meadows%20Corona%20Park,,
,Gansevoort & Washington Streets,40.739375,-74.008051,new_additions,,,,,,https://zola.planning.nyc.gov/search?search=Gansevoort%20%26%20Washington%20Streets,,
,Governors Island,40.689038,-74.020287,new_additions,,,,,,https://zola.planning.nyc.gov/search?search=Governors%20Island,,
,One Bell Slip,40.744684,-74.007286,new_additions,,,,,,https://zola.planning.nyc.gov/search?search=One%20Bell%20Slip,,
,Pier 55,40.638707,-74.072917,new_additions,,,,,,https://zola.planning.nyc.gov/search?search=Pier%2055,,
